-- phpMyAdmin SQL Dump
-- version 4.7.7
-- https://www.phpmyadmin.net/
--
-- Host: localhost:3306
-- Generation Time: Mar 06, 2019 at 10:51 PM
-- Server version: 5.6.41-84.1
-- PHP Version: 5.6.30

SET SQL_MODE = "NO_AUTO_VALUE_ON_ZERO";
SET AUTOCOMMIT = 0;
START TRANSACTION;
SET time_zone = "+00:00";


/*!40101 SET @OLD_CHARACTER_SET_CLIENT=@@CHARACTER_SET_CLIENT */;
/*!40101 SET @OLD_CHARACTER_SET_RESULTS=@@CHARACTER_SET_RESULTS */;
/*!40101 SET @OLD_COLLATION_CONNECTION=@@COLLATION_CONNECTION */;
/*!40101 SET NAMES utf8mb4 */;

--
-- Database: `easylink_easylinkconsultancy`
--

-- --------------------------------------------------------

--
-- Table structure for table `admins`
--

CREATE TABLE `admins` (
  `id` int(10) UNSIGNED NOT NULL,
  `name` varchar(191) COLLATE utf8mb4_unicode_ci NOT NULL,
  `email` varchar(191) COLLATE utf8mb4_unicode_ci NOT NULL,
  `password` varchar(191) COLLATE utf8mb4_unicode_ci NOT NULL,
  `remember_token` varchar(100) COLLATE utf8mb4_unicode_ci DEFAULT NULL,
  `created_at` timestamp NULL DEFAULT NULL,
  `updated_at` timestamp NULL DEFAULT NULL
) ENGINE=InnoDB DEFAULT CHARSET=utf8mb4 COLLATE=utf8mb4_unicode_ci;

--
-- Dumping data for table `admins`
--

INSERT INTO `admins` (`id`, `name`, `email`, `password`, `remember_token`, `created_at`, `updated_at`) VALUES
(1, 'admin', 'admin@gmail.com', '$2y$10$V.WhCssOtaXR2lpW6aAtYudYPBIrPURDyNOR6b23apELBTfXplKFO', 'oldW61bdBN3WQeg69Ra7X7rQiRGtywUgkIBlvB1ibtrfSwZEzOPy86KsY66V', '2019-01-20 18:15:00', '2019-01-20 18:15:00');

-- --------------------------------------------------------

--
-- Table structure for table `destinations`
--

CREATE TABLE `destinations` (
  `id` int(11) NOT NULL,
  `destination` varchar(255) NOT NULL,
  `created_at` timestamp NOT NULL DEFAULT CURRENT_TIMESTAMP ON UPDATE CURRENT_TIMESTAMP
) ENGINE=InnoDB DEFAULT CHARSET=latin1;

--
-- Dumping data for table `destinations`
--

INSERT INTO `destinations` (`id`, `destination`, `created_at`) VALUES
(1, 'Australia', '2019-01-25 12:42:59'),
(2, 'Europe', '2019-01-25 12:43:05'),
(3, 'USA', '2019-01-25 12:43:10'),
(4, 'Canada', '2019-01-25 12:43:15');

-- --------------------------------------------------------

--
-- Table structure for table `enquiries`
--

CREATE TABLE `enquiries` (
  `id` int(10) UNSIGNED NOT NULL,
  `name` varchar(191) COLLATE utf8mb4_unicode_ci NOT NULL,
  `email` varchar(191) COLLATE utf8mb4_unicode_ci NOT NULL,
  `phone` varchar(191) COLLATE utf8mb4_unicode_ci DEFAULT NULL,
  `subject` varchar(191) COLLATE utf8mb4_unicode_ci NOT NULL,
  `message` text COLLATE utf8mb4_unicode_ci NOT NULL,
  `created_at` timestamp NULL DEFAULT NULL,
  `updated_at` timestamp NULL DEFAULT NULL
) ENGINE=InnoDB DEFAULT CHARSET=utf8mb4 COLLATE=utf8mb4_unicode_ci;

--
-- Dumping data for table `enquiries`
--

INSERT INTO `enquiries` (`id`, `name`, `email`, `phone`, `subject`, `message`, `created_at`, `updated_at`) VALUES
(1, 'Naresh Dangol', 'tokhanaresh@gmail.com', NULL, 'sdfsdf', 'dfdfsf', '2019-01-23 03:07:15', '2019-01-23 03:07:15'),
(2, 'Shankar Katuwal', 'shankar@gmail.com', NULL, 'sdafkjsfldk', 'dkljafjdlsadf asdfkaslfdkasdf asdfklasfjlaskdf asddfklsjfdlksdf', '2019-01-23 03:13:50', '2019-01-23 03:13:50'),
(3, 'sdfsdf', 'tokhanaresh@gmail.coms', NULL, 'asdfsdf', 'sdfsdfdsfsdfd', '2019-01-23 03:16:40', '2019-01-23 03:16:40'),
(4, 'sdfsdf', 'tokhanaresh@gmail.coms', NULL, 'asdfsdf', 'sdfsdfdsfsdfd', '2019-01-23 03:19:16', '2019-01-23 03:19:16'),
(5, 'Octavia Wolf', 'bojaliwe@mailinator.com', NULL, 'Suscipit sit consequ', 'Cumque suscipit illodfdf', '2019-01-23 03:19:25', '2019-01-23 03:19:25'),
(6, 'Octavia Wolf', 'bojaliwe@mailinator.com', NULL, 'Suscipit sit consequ', 'Cumque suscipit illodfdf', '2019-01-23 03:20:22', '2019-01-23 03:20:22'),
(7, 'Aurelia Hancock', 'sofojuvi@mailinator.net', NULL, 'Veniam laboris susc', 'Vel consequuntur id', '2019-01-23 03:20:29', '2019-01-23 03:20:29'),
(8, 'Aurelia Hancock', 'sofojuvi@mailinator.net', NULL, 'Veniam laboris susc', 'Vel consequuntur id', '2019-01-23 03:21:46', '2019-01-23 03:21:46'),
(9, 'Ivor Smith', 'cunululo@mailinator.com', NULL, 'Molestiae omnis aliq', 'Et facilis et ut qui', '2019-01-23 03:22:01', '2019-01-23 03:22:01'),
(10, 'Ivor Smith', 'cunululo@mailinator.com', NULL, 'Molestiae omnis aliq', 'Et facilis et ut qui', '2019-01-23 03:22:49', '2019-01-23 03:22:49'),
(11, 'Dhawa Sang', 'dhawa1984sdong@gmail.com', NULL, 'BE Electronics', 'hello\r\n\r\nThanks', '2019-01-25 12:23:52', '2019-01-25 12:23:52'),
(12, 'kathmandu', 'abc@gmail.com', NULL, 'dfasdfsdf', 'asdfasdfsdf', '2019-01-28 22:11:31', '2019-01-28 22:11:31'),
(13, 'Octavius Jarvis', 'pazuliqat@mailinator.net', NULL, 'Repudiandae aut ut n', 'Asperiores tenetur p', '2019-01-28 22:29:59', '2019-01-28 22:29:59'),
(14, 'Octavius Jarvis', 'pazuliqat@mailinator.net', NULL, 'Repudiandae aut ut n', 'Asperiores tenetur p', '2019-01-28 22:30:18', '2019-01-28 22:30:18'),
(15, 'Octavius Jarvis', 'pazuliqat@mailinator.net', NULL, 'Repudiandae aut ut n', 'Asperiores tenetur p', '2019-01-28 22:30:48', '2019-01-28 22:30:48'),
(16, 'Jaime Bernard', 'wyxepudy@mailinator.com', NULL, 'Ratione quibusdam pe', 'Voluptatum qui qui e', '2019-01-28 22:31:02', '2019-01-28 22:31:02'),
(17, 'pratul poudel', 'prankpratul95@gmail.com', NULL, 'job seeking', 'Dear sir,\r\nI had seen the vacancy of \'easylink career consultancy\' from  \'merojobs.com\' so I am interested to join your firm. I want to work as an educational counselor (Australia-based).\r\nI hope you will read this text and reply me back. I will be waiting for your mail. Thank you, Sir,', '2019-02-15 20:18:13', '2019-02-15 20:18:13');

-- --------------------------------------------------------

--
-- Table structure for table `global_settings`
--

CREATE TABLE `global_settings` (
  `id` int(10) UNSIGNED NOT NULL,
  `site_name` varchar(191) COLLATE utf8mb4_unicode_ci NOT NULL,
  `site_email` varchar(191) COLLATE utf8mb4_unicode_ci DEFAULT NULL,
  `phone` varchar(191) COLLATE utf8mb4_unicode_ci DEFAULT NULL,
  `website_full_address` varchar(191) COLLATE utf8mb4_unicode_ci DEFAULT NULL,
  `page_title` varchar(191) COLLATE utf8mb4_unicode_ci DEFAULT NULL,
  `page_keyword` varchar(191) COLLATE utf8mb4_unicode_ci DEFAULT NULL,
  `page_description` text COLLATE utf8mb4_unicode_ci,
  `favicon` varchar(191) COLLATE utf8mb4_unicode_ci DEFAULT NULL,
  `site_logo` varchar(191) COLLATE utf8mb4_unicode_ci NOT NULL,
  `site_status` enum('1','0') COLLATE utf8mb4_unicode_ci NOT NULL,
  `created_at` timestamp NULL DEFAULT NULL,
  `updated_at` timestamp NULL DEFAULT NULL
) ENGINE=InnoDB DEFAULT CHARSET=utf8mb4 COLLATE=utf8mb4_unicode_ci;

--
-- Dumping data for table `global_settings`
--

INSERT INTO `global_settings` (`id`, `site_name`, `site_email`, `phone`, `website_full_address`, `page_title`, `page_keyword`, `page_description`, `favicon`, `site_logo`, `site_status`, `created_at`, `updated_at`) VALUES
(1, 'Easylink Career Consultant', 'inquiry@easylink.edu.np', '0200 12345', NULL, 'Easylink Career Consultant', 'Easylink Consultancy', 'Easylink Career Consultant', '1548061697_fav_icon.png', '1549449513_easylink-logo.png', '', NULL, '2019-02-06 16:39:41');

-- --------------------------------------------------------

--
-- Table structure for table `intake`
--

CREATE TABLE `intake` (
  `id` int(11) NOT NULL,
  `destination_id` int(11) NOT NULL,
  `intake` varchar(255) NOT NULL,
  `created_at` timestamp NOT NULL DEFAULT CURRENT_TIMESTAMP ON UPDATE CURRENT_TIMESTAMP
) ENGINE=InnoDB DEFAULT CHARSET=latin1;

--
-- Dumping data for table `intake`
--

INSERT INTO `intake` (`id`, `destination_id`, `intake`, `created_at`) VALUES
(1, 1, 'January', '2019-01-25 14:42:44'),
(2, 1, 'February', '2019-01-25 14:42:37'),
(3, 1, 'March', '2019-01-25 12:45:59'),
(4, 1, 'April', '2019-01-25 14:40:39'),
(5, 1, 'May', '2019-01-25 14:40:39'),
(6, 1, 'June', '2019-01-25 14:40:55'),
(7, 1, 'July', '2019-01-25 14:40:55'),
(8, 1, 'August', '2019-01-25 14:41:16'),
(9, 1, 'September', '2019-01-25 14:41:16'),
(10, 1, 'October', '2019-01-25 14:41:39'),
(11, 1, 'November', '2019-01-25 14:41:39'),
(12, 1, 'December', '2019-01-25 14:41:52'),
(13, 2, 'Spring', '2019-01-27 05:31:12'),
(14, 2, 'Fall', '2019-01-27 05:31:37'),
(15, 3, 'Spring', '2019-01-27 05:32:18'),
(16, 3, 'Fall', '2019-01-27 05:32:18'),
(17, 4, 'Spring', '2019-01-27 05:32:44'),
(18, 4, 'Fall', '2019-01-27 05:32:44');

-- --------------------------------------------------------

--
-- Table structure for table `migrations`
--

CREATE TABLE `migrations` (
  `id` int(10) UNSIGNED NOT NULL,
  `migration` varchar(191) COLLATE utf8mb4_unicode_ci NOT NULL,
  `batch` int(11) NOT NULL
) ENGINE=InnoDB DEFAULT CHARSET=utf8mb4 COLLATE=utf8mb4_unicode_ci;

--
-- Dumping data for table `migrations`
--

INSERT INTO `migrations` (`id`, `migration`, `batch`) VALUES
(1, '2014_10_12_000000_create_users_table', 1),
(2, '2014_10_12_100000_create_password_resets_table', 1),
(3, '2018_06_22_163521_create_admins_table', 1),
(4, '2018_06_24_001830_create_navigations_table', 1),
(5, '2018_06_27_102250_create_navigation_items_table', 1),
(6, '2018_06_29_004516_create_page_types_table', 1);

-- --------------------------------------------------------

--
-- Table structure for table `navigations`
--

CREATE TABLE `navigations` (
  `id` int(10) UNSIGNED NOT NULL,
  `nav_name` varchar(191) COLLATE utf8mb4_unicode_ci NOT NULL,
  `alias` varchar(191) COLLATE utf8mb4_unicode_ci NOT NULL,
  `caption` varchar(191) COLLATE utf8mb4_unicode_ci DEFAULT NULL,
  `nav_category` varchar(191) COLLATE utf8mb4_unicode_ci NOT NULL,
  `page_type` varchar(191) COLLATE utf8mb4_unicode_ci NOT NULL,
  `position` int(11) NOT NULL,
  `short_content` text COLLATE utf8mb4_unicode_ci,
  `long_content` text COLLATE utf8mb4_unicode_ci,
  `parent_page_id` int(11) NOT NULL,
  `icon_image` varchar(191) COLLATE utf8mb4_unicode_ci DEFAULT NULL,
  `icon_image_caption` varchar(191) COLLATE utf8mb4_unicode_ci DEFAULT NULL,
  `banner_image` varchar(191) COLLATE utf8mb4_unicode_ci DEFAULT NULL,
  `link` varchar(191) COLLATE utf8mb4_unicode_ci DEFAULT NULL,
  `attachment` varchar(191) COLLATE utf8mb4_unicode_ci DEFAULT NULL,
  `page_title` varchar(191) COLLATE utf8mb4_unicode_ci DEFAULT NULL,
  `page_keyword` varchar(191) COLLATE utf8mb4_unicode_ci DEFAULT NULL,
  `page_description` varchar(191) COLLATE utf8mb4_unicode_ci DEFAULT NULL,
  `page_status` enum('1','0') COLLATE utf8mb4_unicode_ci NOT NULL,
  `created_at` timestamp NULL DEFAULT NULL,
  `updated_at` timestamp NULL DEFAULT NULL
) ENGINE=InnoDB DEFAULT CHARSET=utf8mb4 COLLATE=utf8mb4_unicode_ci;

--
-- Dumping data for table `navigations`
--

INSERT INTO `navigations` (`id`, `nav_name`, `alias`, `caption`, `nav_category`, `page_type`, `position`, `short_content`, `long_content`, `parent_page_id`, `icon_image`, `icon_image_caption`, `banner_image`, `link`, `attachment`, `page_title`, `page_keyword`, `page_description`, `page_status`, `created_at`, `updated_at`) VALUES
(1, 'Home', '', 'Home', 'Main', 'Normal', 1, NULL, NULL, 0, NULL, NULL, NULL, NULL, NULL, NULL, 'Home', NULL, '1', '2019-01-21 03:55:55', '2019-01-21 03:55:55'),
(2, 'About Us', 'about-us', 'To the easylink', 'Main', 'Group', 2, 'Once you have been come into thoughts that you want to broaden your career with international education or degree and passionate to explore world, always, this is right time to move ahead for abroad study. We are here to assist your abroad study journey and flourish you career with world recognized education.<br />\r\n<br />\r\nEasyLink Career is hub to connect best Universities and Colleges around the globe. Making you motivated for globalized education and sharpening you as global workforce is our one and only one goal. To make you competent for global work places, we help you to find your career path through landing you world’s best universities. We shape you as front-line warrior in global market with our expertise in career counseling, educational advising in your choice of professions. We highly encourage you one step forward for world recognized education to explore your potential and world.<br /> <br />\r\nNot only do we assist you to set your career goal and finding career path but also make you well prepared for your move to the next educational level. For perspective undergraduate students, we provide seminars and workshops for leadership skill development. On the flip side, for perspective graduate students, we provide research knowledge and different workshops to equip you with tools and techniques for graduate research works.', '<div style=\"text-align: justify;\">Once you have been come into thoughts that you want to broaden your career with international education or degree and passionate to explore world, always, this is right time to move ahead for abroad study. We are here to assist your abroad study journey and flourish you career with world recognized education.<br />\r\n<br />\r\nEasyLink Career is hub to connect best Universities and Colleges around the globe. Making you motivated for globalized education and sharpening you as global workforce is our one and only one goal. To make you competent for global work places, we help you to find your career path through landing you world’s best universities. We shape you as front-line warrior in global market with our expertise in career counseling, educational advising in your choice of professions. We highly encourage you one step forward for world recognized education to explore your potential and world.<br />\r\n<br />\r\nNot only do we assist you to set your career goal and finding career path but also make you well prepared for your move to the next educational level. For perspective undergraduate students, we provide seminars and workshops for leadership skill development. On the flip side, for perspective graduate students, we provide research knowledge and different workshops to equip you with tools and techniques for graduate research works.<br />\r\n<br />\r\n<span style=\"font-size:18px;\"><strong>Mission</strong></span><br />\r\nWe expect all the students after abroad study will be expertise in their respective study of field and will be highly skilled manpower to lead the country even the world. So, we work in the run as: \r\n<ul style=\"margin-left: 40px;\">\r\n	<li>To immunize the student to flourish potential in their career path.</li>\r\n	<li>To encourage student explore the world along with their study dream.</li>\r\n	<li>To take pride in promote and support to explore all the excellencies of the students.</li>\r\n</ul>\r\n<br />\r\n<span style=\"font-size:18px;\"><strong>Vision</strong></span><br />\r\nEasyLink Career Consultants would like to work in the revolution and evolution of socio-economy of Nepal and would like to contribute through working in academia which is powerful tool for the revolutionary changes. Our vision is to identify potential of individual and encourage and nurture leadership, confidence, responsibility, and traits young learners via innovative technology and methodology.<br />\r\n </div>', 0, '1548067431_aussy-705x646.jpg', NULL, '1549261155_top-banner.jpg', NULL, NULL, NULL, 'About Us', NULL, '1', '2019-01-21 04:00:58', '2019-02-21 13:05:08'),
(3, 'Our Services', 'our-services', 'Our Services', 'Main', 'Group', 3, NULL, NULL, 0, NULL, NULL, '1549261663_search-bg.jpg', NULL, NULL, NULL, 'Our Services', NULL, '1', '2019-01-21 04:01:45', '2019-02-04 12:27:43'),
(4, 'Study Destination', 'study-destination', 'Study Destination', 'Main', 'Group', 4, NULL, NULL, 0, NULL, NULL, '1549281804_globe.jpg', NULL, NULL, NULL, 'Study Destination', NULL, '1', '2019-01-21 04:02:26', '2019-02-04 18:03:24'),
(5, 'Events', 'events', 'Events', 'Main', 'Group', 5, NULL, NULL, 0, NULL, NULL, '1549261214_s-bg.jpg', NULL, NULL, NULL, 'Events', NULL, '1', '2019-01-21 04:02:42', '2019-02-04 12:20:14'),
(6, 'Contact Us', 'contact-us', 'Contact Us', 'Main', 'Normal', 6, NULL, NULL, 0, NULL, NULL, '1549270205_hero_contact_us-desktop.jpg', NULL, NULL, 'Easy Link Contact us', 'Contact Us', NULL, '1', '2019-01-21 04:03:11', '2019-02-04 14:50:05'),
(10, 'Career Counseling', 'career-counseling', 'Career Counseling', 'Main', 'Normal', 1, 'Because of fast growing technology, most kind of jobs are unstable – knowledge in any field is not enough for more than a decade. So, deciding a career in any field in this fort industrial revolution is crucial.', '<br />\r\nBecause of fast growing technology, most kind of jobs are unstable – knowledge in any field is not enough for more than a decade. So, deciding a career in any field in this fort industrial revolution is crucial. Students after higher secondary school or +2 equivalent are lack of recent 4<sup>th</sup> industrial revolution and dumbfound on what will be the industrial job in next decade – deterministic to the current research activities in academia and industries. Coming to the solutions for these puzzles, this is the hive with expertise; our expertise will assist you to set your career goal and to find your career path within world’s potential job markets and your capabilities to be explored.<br />\r\n<br />\r\nDuring counseling time, our expertise will present most recent problems, chaos, and crisis the world facing and opportunities generated by; such as problems in environment and opportunities brought forth. Our expertise will present current world trends and opportunities to come out in next decade so that your education today makes you competent in the decade when you are graduated and sharpened with professional skills such as today’s world trends and researches in computer science, economics, nano-technologies, and potential job markets in the coming decades in the respective fields.<br />\r\n&nbsp;', 3, '1548066603_student-counseling-50x50.jpg', NULL, '1549282199_slide1.gif', NULL, NULL, NULL, 'Career Counseling', NULL, '1', '2019-01-21 04:08:07', '2019-02-04 18:09:59'),
(11, 'Test Preparation', 'test-preparation-', 'Test Preparation', 'Main', 'Group', 2, 'We have experienced IELTS, TOEFL and SAT instructors; we are committed to land you beyond the application requirements to your intended universities and colleges.', 'We have experienced IELTS, TOEFL and SAT instructors; we are committed to land you beyond the application requirements to your intended universities and colleges. Our well experienced instructors observe your English skills to detect weakness in different skills Listening, Reading, Writing, and Speaking skills and help you to improve the weakness. We provide test materials and test practice in real test environment.<br />\r\n&nbsp;', 3, '1548325623_1548067194_doccumentation-50x50.jpg', NULL, '1549342385_test-prep-banner.jpg', NULL, NULL, NULL, 'Test Preparation', NULL, '1', '2019-01-21 04:08:32', '2019-02-05 10:53:05'),
(12, 'Scholarship Assistance', 'scholarship-assistance', 'Scholarship Assistance', 'Main', 'Normal', 3, 'We provide scholarship opportunities with collaboration to departments you are intended to apply and help to find different honorable scholarship such as DAAD, MEXT.<br />\r\n&nbsp;', '<br />\r\nIn collaboration to your intended department or programme, we assist you to find scholarship opportunities and help to find different honorable scholarship such as DAAD, MEXT, and by ADB scholarships. Additionally, merit based scholarships are awarded, generally, by most of the colleges or universities; some of the scholarships are based on ethnics or gender based.<br />\r\n<br />\r\n<span style=\"font-size:18px;\"><strong>How we help find Scholarship&nbsp;</strong></span><br />\r\nIf you are undergraduate applicant, we help you to find the stipends from the department you are applying; the colleges with whom we are working provide different merit based scholarships based on your academic records. But for the graduate applicants, we provide expertise to assist you finding research ideas so that you could perform excellent in your thesis work and make you well competent for graduate research assistantship during the graduate study providing seminars and workshops to boost your statistical knowledge and inference, and research methodology. Our workshops really help you to get research assistantship (RA) in you graduate study along with burgeoning you in research capability.<br />\r\n<br />\r\nTo find scholarships that best fit your academic interests and budgetary level, we provide information about the scholarships available in different universities and departments according to their courses of interests.&nbsp;<br />\r\n&nbsp;', 3, '1548325646_1548067342_scholarship-50x50.jpg', NULL, '1549342219_banner.jpg', NULL, NULL, NULL, 'Scholarship Assistance', NULL, '1', '2019-01-21 04:08:59', '2019-02-05 10:50:19'),
(13, 'University and College Applications', 'university-and-college-applications', 'University and College Applications', 'Main', 'Normal', 4, 'We work with prestigious universities and colleges around the world. Among the universities and colleges we work&nbsp;locate in different states of United State of America, Australia, and different Countries within European Union (Ethiopian Countries) and within the Asian continent.&nbsp;', '<br />\r\nWe work with prestigious universities and colleges around the world. Among the universities and colleges we work locate in different states of United State of America, Australia, and different Countries within European Union (Ethiopian Countries) and within the Asian continent.&nbsp;<br />\r\n<br />\r\nOur expertise assists you to pick out best fit universities according to your academic credentials and career goal; and we also assist you during the preparation of university or college application to make your application best among applications to the universities or colleges as much as possible with your recommendation letter, statement of purpose reflecting your educational intention and your career path in the documents. Following are the countries where we process your education dream:<br />\r\n<br />\r\n<u><span style=\"color:#0000FF;\"><a href=\"http://easylink.edu.np/study-in-australia\">Australia</a>,</span></u><span style=\"color:#0000FF;\">&nbsp; </span><u><span style=\"color:#0000FF;\"><a href=\"http://easylink.edu.np/study-in-canada\">Canada</a>,</span></u><span style=\"color:#0000FF;\">&nbsp; </span><u><span style=\"color:#0000FF;\"><a href=\"http://easylink.edu.np/study-in-usa\">USA</a>,</span></u><span style=\"color:#0000FF;\">&nbsp; </span><u><span style=\"color:#0000FF;\"><a href=\"http://easylink.edu.np/study-in-new-zealand\">New Zealand</a>,</span></u><span style=\"color:#0000FF;\">&nbsp; </span><u><span style=\"color:#0000FF;\"><a href=\"http://easylink.edu.np/study-in-uk\">UK</a>,</span></u><span style=\"color:#0000FF;\">&nbsp; </span><u><span style=\"color:#0000FF;\"><a href=\"http://easylink.edu.np/study-in-ireland\">Ireland</a>,</span></u><span style=\"color:#0000FF;\">&nbsp; </span><u><span style=\"color:#0000FF;\"><a href=\"http://easylink.edu.np/study-in-german\">German</a>y,</span></u><span style=\"color:#0000FF;\">&nbsp; </span><u><span style=\"color:#0000FF;\"><a href=\"http://easylink.edu.np/study-in-south-korea\">South Korea</a>,</span></u><span style=\"color:#0000FF;\">&nbsp;&nbsp;</span><a href=\"http://easylink.edu.np/study-in-india\"><u><span style=\"color:#0000FF;\">India</span></u></a>', 3, '1548067260_university-50x50.jpg', NULL, '1549342166_switzerland_bnr.jpg', NULL, NULL, NULL, 'University and College Applications', NULL, '1', '2019-01-21 04:09:26', '2019-02-13 11:29:11'),
(14, 'Visa Application Guidelines and Documentation', 'visa-application-guidelines-and-documentation', 'Visa Application Guidelines and Documentation', 'Main', 'Group', 5, 'With the knowledge our expertise keep, we selected some of the best education destinations which is recognized to be world ranked education destination. Australia and South Korea are the destination with competitive education system according to World Economic Forum and so we selected these two as our destination.', '<span style=\"font-size:18px;\"><strong>Visa Application Guidelines and Documentation</strong></span><br />\r\n<br />\r\nWith the knowledge our expertise keep, we selected some of the best education destinations which is recognized to be world ranked education destination. Australia and South Korea are the destination with competitive education system according to World Economic Forum and so we selected these two as our destination. USA and Canada are other education destinations with recognized quality education known by almost all. Additionally, more countries are added as our destination for abroad study and corresponding visa application guidelines and documentation services are provided with our expert officer. Following are the countries for which we assist students to obtain student visa regarding documentation and visa application guideline. <u><span style=\"color:#0000CD;\">Australia, Canada, USA, India, UK, German, New Zealand, South Korea<b>.</b></span></u><br />\r\n&nbsp;', 3, '1548307997_Test Preparation.jpg', NULL, '1550037510_banner4-visaservice.jpg', NULL, NULL, NULL, 'Visa Application Guidelines and Documentation', NULL, '1', '2019-01-21 04:10:12', '2019-02-13 11:58:30'),
(15, 'SOP, LOR, Resume or CV Workshop', 'sop-lor-resume-or-cv-workshop', 'SOP, LOR, Resume or CV Workshop', 'Main', 'Normal', 6, 'We conducts workshops to prepare students for SOP, LoR, Resume, CV in monthly basis&nbsp;so that students could get full consideration for admission..', '<br />\r\nWe conducts workshops to prepare students for SOP, LoR, Resume, CV in monthly basis so that students could get full consideration for admission in reference to SOP, LoR, and resume during admission process. Some 30% - 50 % of admission decision is made on the basis of SOP because SOP is the documents demonstrating who you are and how you contribute the school you are intended to enroll and your society. SOP should present you as competent as you are and should be realistic too and should attend your targeted reades, admission officers in this case, without messing your story.&nbsp;<br />\r\n<br />\r\nCurriculum Vitae (CV) is another piece of writing branding yourself with academic records along with work experience, training, skills and achievements. Although information content in CV or Resume is almost known but presentation is critical and targeted reader should notbe bored with your brand. Because of high number of application to admission department of university or college you are applying, admission officers have very little time so your CV or Resume should include almost all information required by the officers in compact form.&nbsp;So, writing SOP, CV and Resume is crucial, for these documents demonstrate who you are and how you are beneficial to the colleges or universities.<br />\r\n<br />\r\nThough LoR is document from person in your previous academic or industrial work experience, we conduct workshop to get LoR as best as possible. LoR is another key document playing role in admission decision making process. So, we could not compromise the concreteness and conciseness SOP, CV or Resume, and&nbsp; LoR.&nbsp;<br />\r\n&nbsp;', 3, '1548306529_interview-50x50.jpg', NULL, '1549341465_slide-4.jpg', NULL, NULL, NULL, 'SOP, LOR, Resume or CV Workshop', NULL, '1', '2019-01-21 04:13:02', '2019-02-05 10:37:45'),
(16, 'Weekly(Customized) Mock Test for IELTS/TOEFL', 'weeklycustomized-mock-test-for-ieltstoefl', 'Weekly(Customized) Mock Test for IELTS/TOEFL', 'Main', 'Normal', 7, NULL, '<br />\r\nThough the test is nothing other than language test, a student may require a series of practices. Time management is crucial in real test because of very little time allocation. One and only one way to improve time management and improve the test score is test practice. Common human psychology says sitting in study room in your home is not that much as effective practice as you expected and outglaringly, there is no one to point out your weakness for the test performance; so, you have to be forced by someone else like instructor - here, we have IELTS/TOEFL instructor to push you into virtual test environment.&nbsp;<br />\r\n<br />\r\nFor practice in the test environment, we provide weekly MOCK Test for IELTS in the virtually real test environment and MOCK test for internet best TOEFL. Because we provide feedback to your MOCK test performance and skill which is really the opportunity to improve your performance at real test, definitely, you will perform much better at real test.&nbsp;<br />\r\n&nbsp;', 3, NULL, NULL, '1549341334_banner-freemocktest.jpg', NULL, NULL, NULL, 'Weekly(Customized) Mock Test for IELTS/TOEFL', NULL, '1', '2019-01-21 04:13:56', '2019-02-05 10:35:34'),
(17, 'Australia', 'australia', 'Student Visa Application Guidelines for Australia', 'Main', 'Normal', 1, NULL, 'Before 1<sup>st</sup> July 2016, students are classified in several classes depending upon education level, but then Australian government introduced new simplified student visa framework (SSVF) where all the study visa came under single subclass 500. Students are required to apply with Confirmation of Enrollment (CoE) letter provided by the university or colleges as proof of enrolment to the university or college. The university or college should be the one registered under Commonwealth Register of Institution of Courses (CRICOS). The student must apply online account with ImmiAccount in Department of Immigration and Border Protection (DIBP) for Nepalese student as there is no visa counselor in Nepal that is Australian Embassy in Nepal does not issue visa.<br />\r\n&nbsp;<br />\r\n<strong>Essential documents required for study visa in Australia for Nepalese student.</strong>\r\n<ol style=\"margin-left: 40px;\">\r\n	<li>A valid passport</li>\r\n	<li>Completely filled Australian student visa application form (157A)</li>\r\n	<li>Certificate of Enrolment (CoE), that is Admission confirmation letter from university or college you applied.&nbsp;</li>\r\n	<li>4 recent photographs (passport-sized)</li>\r\n	<li>IELTS test score as required by university or college you enrolled.</li>\r\n	<li>Receipt of the application fees paid</li>\r\n	<li>Statement of purpose (SOP)</li>\r\n	<li>Overseas Student Health Care (OSHC) – health insurance generally which depends on course duration in Australia.</li>\r\n	<li>Police clearance certificate – showing no criminal records.</li>\r\n	<li>All your academic testimonials</li>\r\n	<li>Proof of financial ability to meet the cost of living including tuition fees and your return air fare (living cost in Australia is AU$20,000) per year.</li>\r\n	<li>Medical/health certificate confiring no communicable disease infected.</li>\r\n	<li>Genuine Temporary Entrant (GTE) requirement – stating intention of study and return after course completion. Some student may ask for interview to confirm his or her study intention in Australia.</li>\r\n</ol>\r\n<br />\r\nYou have to apply for entry permission (student visa) at least 12 weeks before your class starts. For the document submission, one can visit VFS Global in Nepal which is authorized agent in Nepal working with Australian Embassy. Once you have submitted your documents and then you can track your application process in VSF Global Nepal site; and, you will be requested to give your biometric data in VSF Global in Nepal. For more detail please visit <a href=\"http://www.vfsglobal.com/australia/nepal/student.html\">VFSGlobal</a>.<br />\r\n&nbsp;<br />\r\n<strong>Visa processing time and validity</strong><br />\r\n<br />\r\nIn general, visa review or processing takes 4 to 5 weeks once the student filled the application and submitted. If your course is one year and complete by mid of December, your visa will be expired on 15<sup>th</sup> of March of following year.<br />\r\n<br />\r\nOnce you are granted with student visa in Australia, you can enter to Australia up to 90 days earlier to the orientation day; however, you are supposed to inform you arrival and your residential address within 7 days of arrival to the university or college you are enrolled.<br />\r\n<br />\r\nStudents has restriction on work limit of 20 hours per week during the study period for undergraduate or lower level students; however, students enrolled to Masters by research or PhD level do not have work limit. Volunteer work or part of training will not be accumulated to working hours, though. Since the international students are full-time student, the students are mandatory to attend the class on regular basis.<br />\r\n<br />\r\n<strong>Eligibility for Post-study work</strong><br />\r\nThe international students can apply for post-study work visa in Australia once the student completes higher studies such as Bachelors, Masters or PhD level of study.\r\n<ul style=\"margin-left: 40px;\">\r\n	<li>The university must be accredited by CRICOS</li>\r\n	<li>The student must hold visa and are above 18 years old and below 50 years at least with 2 years of academic study in Australia.</li>\r\n	<li>Diploma courses are not eligible for post-study work visa.</li>\r\n</ul>\r\n<br />\r\n<strong>Post –study work duration</strong><strong> </strong>\r\n\r\n<ul style=\"margin-left: 40px;\">\r\n	<li>ligible international students who completed <strong>Bachelors or Masters</strong> level can be granted 2-years of post-study work visa.</li>\r\n	<li>Graduated students with <strong>Master by Research</strong> can get 3-years of post-study work visa.</li>\r\n	<li><strong>Doctorate (PhD)</strong> graduates can get 4-years of post-study work visa.</li>\r\n</ul>\r\n<br />\r\n<strong>Visa categories for students with course duration less than 2 years</strong><br />\r\n<br />\r\nThere is special subclass Temporary Graduate (subclass 485) for international student with course duration less than 2 years and the course is below the bachelors’ degree.<br />\r\nVisa application requirements are subjected to time; that is requirements can change with time. For the updates, a student can visit Australian Government, <a href=\"https://immi.homeaffairs.gov.au/visas/getting-a-visa/visa-finder/study\">Department of Home Affair – Immigration and Citizenship</a>.&nbsp;&nbsp;<br />\r\n&nbsp;', 14, '1548749708_Australia-flag.jpg', NULL, '1550037610_visa-application.jpg', NULL, NULL, NULL, 'Australia', NULL, '1', '2019-01-21 04:14:58', '2019-02-13 12:00:10'),
(18, 'Canada', 'canada', 'Student Visa Application Guideline for Canada', 'Main', 'Normal', 2, NULL, 'All the international students need to obtain study permit to enter Canada. A student can apply for study permit under Student Partners Program of the Associations of Canadian Community Colleges and the Canadian Immigration Programs. To be eligible for study permit application, student must have unconditional offer letter from one of the universities or colleges where you want to pursue your higher education.<br />\r\nThe study permit is – a document by Immigration and citizenship Department Government of Canada – which allow foreign nationals to study in universities or colleges (desired learning institutions (DLI) in Canada. Study permit is not visa to enter Canada rather it is only the proof that you are permitted to study in Canada.<br />\r\nFor the application followings are the documents to be submitted.<br />\r\n<br />\r\n<strong>Documents Checklist</strong> <strong> </strong>\r\n<ul style=\"margin-left: 40px;\">\r\n	<li>Enrollment letter or acceptance letter from DLI</li>\r\n	<li>A valid passport or travel documents</li>\r\n	<li>Affidavit of funding which includes</li>\r\n</ul>\r\n\r\n<ul style=\"list-style-type: circle; margin-left: 80px;\">\r\n	<li>tuition fee</li>\r\n	<li>living cost along with living expenses for family members (if any )</li>\r\n	<li>Return ticket along with your family member (if any)</li>\r\n</ul>\r\n\r\n<ul style=\"margin-left: 40px;\">\r\n	<li>No criminal record that is police certificate</li>\r\n	<li>Medical examination certificate to show you are at good health condition</li>\r\n	<li>Convince immigration officers that you will leave Canada after your study.</li>\r\n</ul>\r\n<br />\r\nCanada has both online and paper based study permit application; online application may be processed more quickly, though. For the online application can be filled up through the Canada immigration and citizenship web page. For paper application too, one has to download the form from the <a href=\"https://www.canada.ca/en/services/immigration-citizenship.html\"><span style=\"color:#0000FF;\"><u>Canada immigration and citizenship</u></span></a><span style=\"color:#0000FF;\">.</span> For online application one should have electronic copies of all documents to be submitted through online.&nbsp;Once you have submitted you study permit, you will be asked through a letter to your biometric through a letter from immigration and citizenship services, Canada – with deadline of 30 days if you have biometric fee. The letter tells you about the details how to give biometric and where to give. This completes your application documents.<br />\r\n<br />\r\nOnce you completed your application for study permit, you may be asked for interview with officials from the immigration and citizenship, Canada near to you. In case of Nepal, you may be asked for skype interview.<br />\r\n<br />\r\nFor the paper application, you may go through VFS Global in Nepal to submit your application form. In general, applicants are required to submit their biometrics through VFS Global Nepal. For more information visit<span style=\"color:#0000FF;\"> </span><a href=\"http://www.vfsglobal.ca/canada/nepal\"><span style=\"color:#0000FF;\"><u>VFS Global</u></span></a><span style=\"color:#0000FF;\">.</span> <strong>Application fee costs $150. </strong>&nbsp;&nbsp;<br />\r\n&nbsp;<br />\r\nIf your application is approved, they will send you<br />\r\n<strong>A letter of introduction</strong> to confirm. This is not the letter that permits you to study in Canada, but you need to show to immigration when you are at Canada immigration.\r\n\r\n<ul style=\"margin-left: 40px;\">\r\n	<li><strong>An electronic travel Authorization (eTA)</strong> or <strong>Visitor Visa</strong> (temporary resident visa) to enter Canada.</li>\r\n</ul>\r\n\r\n<ul style=\"list-style-type: circle; margin-left: 80px;\">\r\n	<li>If you are from country where you need an <strong>eTA</strong>, the <strong>letter of introduction</strong> includes information about your <strong>eTA</strong>.</li>\r\n	<li>If you need <strong>Visitor Visa </strong>(Nepal students need visitor visa), Visa will be in your passport showing whether you entry is single or multiple.</li>\r\n</ul>\r\n<br />\r\nFor more detail we recommend you to visit <a href=\"https://www.canada.ca/en/immigration-refugees-citizenship/services/study-canada/study-permit.html\">Government</a><a href=\"https://www.canada.ca/en/immigration-refugees-citizenship/services/study-canada/study-permit.html\"> of <u>Canada, Immigration and Citizenship</u> study in Canada as </a><a href=\"https://www.canada.ca/en/immigration-refugees-citizenship/services/study-canada/study-permit.html\">international</a><a href=\"https://www.canada.ca/en/immigration-refugees-citizenship/services/study-canada/study-permit.html\"> student</a>.&nbsp;&nbsp;<br />\r\nOnce you entered to Canada for study, you have responsibilities to follow the regulations in Canada and demonstrate progress towards completion of your program. But if your course duration is six months or less, you do not need study permit.&nbsp;<br />\r\n&nbsp;', 14, '1548749810_canada-flag.jpg', NULL, '1550037639_visa-application.jpg', NULL, NULL, NULL, 'Canada', NULL, '1', '2019-01-21 04:15:09', '2019-02-13 12:00:39'),
(19, 'New Zealand', 'new-zealand', 'Student Visa Application Guideline for New Zealand', 'Main', 'Normal', 3, NULL, 'In general foreign nationals are required to have study visa to study in New Zealand. To get the visa – permission to study in New Zealand, applicants and programme of study must meet the immigration New Zealand‘s requirements. To apply visa for student, your education provider must provide you offer of place including followings;\r\n<ul style=\"margin-left: 40px;\">\r\n	<li>Education provider’s name and contact details.</li>\r\n	<li>Name of the programme of study and minimum time required to complete.</li>\r\n	<li>Proof of the programme of study and provider meet the New Zealand’s requirements for international students.</li>\r\n	<li>The amount of fee to complete the course or annual fee for the programme indicating your tuition fee is either domestic or foreign fee.</li>\r\n	<li>Confirmation all requirements under the Code of Practice for the Pastoral Care of International Student.</li>\r\n</ul>\r\n<strong>Check list includes:</strong>\r\n\r\n<ul style=\"margin-left: 40px;\">\r\n	<li>Health examination certificate and police clearance certificate</li>\r\n	<li>Evidence of funds to support yourself</li>\r\n	<li>Proof that demonstrate your plan to leave after study</li>\r\n	<li>Valid Passport</li>\r\n</ul>\r\n<strong>Along with above following are the documents required:</strong>\r\n\r\n<ul style=\"margin-left: 40px;\">\r\n	<li>Student visa application form</li>\r\n	<li>Visa fee payable by Demand Draft favoring New Zealand Immigration Service ($225).</li>\r\n	<li>Statement of purpose – explaining funds and English proficiency and study goal.</li>\r\n	<li>Offer letter from your institution</li>\r\n	<li>Authorization letter from sponsor.</li>\r\n	<li>Loan sanction letter (if any)</li>\r\n	<li>Bank statement for last 6 months transactions</li>\r\n	<li>All educational credentials from your previous institutions.</li>\r\n	<li>IELTS or TOEFL score</li>\r\n	<li>Two recent photographs</li>\r\n</ul>\r\n&nbsp;<br />\r\n<strong>Visa conditions:</strong><strong> </strong>\r\n\r\n<ul style=\"margin-left: 40px;\">\r\n	<li>You are required to maintain your student progressive status during study period.</li>\r\n	<li>You should not break the work permit regulation allowed to student visa status.&nbsp;</li>\r\n</ul>', 14, '1548750063_new_zealand-flag.jpg', NULL, '1550037659_visa-application.jpg', NULL, NULL, NULL, 'New Zealand', NULL, '1', '2019-01-21 04:15:24', '2019-02-13 12:00:59'),
(20, 'USA', 'usa', 'Student Visa Application Guideline for USA', 'Main', 'Normal', 4, NULL, 'United State of America believes students have right to study and grow with knowledge anywhere around the globe. So, USA welcomes all the international students to study. Visa application process for international students preliminarily starts from the admission process from the universities or colleges a student applies. Once the university or college accept and approves international student for study, student will get I-20 with full information about student’s information relevant to the course of study and tuition fee and funding information; that is about the courses, course duration and start of the course, scholarships and academic records and more.<br />\r\n&nbsp;<br />\r\n<strong>Type of student visa </strong><br />\r\n&nbsp;&nbsp;<br />\r\n<strong>1. F-1 Visa</strong><br />\r\n<br />\r\nThis is most common visa for international students issued to stay in US for academic study purpose. You could be granted for F-1 visa if your course of study is more than 18 hours per week.<br />\r\nDependent visa for this type of student is F-2, who is not entitled for study in USA; however, F-2 visa holding children can study in USA at the K-12 level.<br />\r\n<br />\r\n<strong>2. M-1 Visa </strong><br />\r\n<br />\r\nThis is another type of student visa that permits a student to stay in US for non-academic or vocational training at US institutions.<br />\r\nDependent visa for this categorical visa holder is M-2 who cannot study in USA but a child.<br />\r\n<br />\r\n<strong>3. J-1 Visa</strong><br />\r\n<br />\r\nInternational students who are exchange visitors pursuing a course at an academic institution under aids of United States information Agency and a designated program sponsor. It is mandatory for this type of visa holder to maintain a full course of study and can reduces stay duration if get approved by the Student and Exchange Information System (SEVIS) by a Responsible Officer (RO) or Alternate Responsible Officer (ARO) designed by the sponsor.<br />\r\nThis category of US visa includes intern visa, visiting research or short-term scholars or trainees under the sponsorship of an exchange visitor program approved by Department of State (DOS).<br />\r\n&nbsp;<br />\r\n<strong>Steps involved in US Student visa</strong><br />\r\nThe visa application process starts from the receipt of I-20.\r\n<ul style=\"margin-left: 40px;\">\r\n	<li>Pay your Student and Exchange Visitor Information System (SEVIS) fee ($200) valid for one year.</li>\r\n	<li>Complete online DS-160 form – a Nonimmigrant Visa Electronic Application &nbsp;</li>\r\n	<li>Pay US visa processing fee to the nominated bank (Nabil Bank)</li>\r\n	<li>Book your visa interview appointment (appointment fee $160, non-refundable).</li>\r\n	<li>Attend the visa interview (with appointment fee paid receipt).</li>\r\n</ul>\r\nVisa application form includes 2”x2” recent photograph to be attached to the online form and receipt showing payment of visa appointment fee. For detailed student visa and US study visit US Embassy regarding documents for <u><a href=\"https://travel.state.gov/content/travel/en/us-visas/study/student-visa.html#documentation\">US Study</a></u><br />\r\n<br />\r\n&nbsp;All the academic certificates are required to keep with you when you attend the visa interview.<br />\r\n<br />\r\n<strong>Post study work or work opportunities </strong><br />\r\n<br />\r\nF-1 visa holder student only can work on campus; students are not allowed to work out of the campus. On campus work includes working in cafeteria in campus, work as graduate assistantship, work in library etc.<br />\r\nF-1 students are eligible for optional practical training (OPT) of 1-year stay in USA. for the eligibility, student must have completed degree on STEM (science, technology, engineering or mathematics) courses for 24 months extension of OPT (36 months to sum up).<br />\r\nOPT eligible students must have their major in the areas listed below:\r\n<ul style=\"margin-left: 40px;\">\r\n	<li>Engineering technologies</li>\r\n	<li>Science technologies</li>\r\n	<li>Medical scientist</li>\r\n	<li>Mathematics and statistics</li>\r\n	<li>Biological and biomedical science</li>\r\n	<li>Computer science</li>\r\n	<li>Physical science</li>\r\n	<li>Engineering</li>\r\n	<li>Actuarial science &nbsp;</li>\r\n</ul>', 14, '1548750168_usa-flag.jpg', NULL, '1550037682_visa-application.jpg', NULL, NULL, NULL, 'USA', NULL, '1', '2019-01-21 04:15:38', '2019-02-13 12:01:22'),
(21, 'United Kingdom', 'united-kingdom', 'Student Visa Application Guideline for UK', 'Main', 'Normal', 5, NULL, 'British home office requires for any non-EU and non UK citizens before Brexit. There could be possibility of entry permission requirement for EU students too. For Nepalese student, visa will be not issued from British Embassy, Nepal rather from visa consulates from India. So, students are required to apply enough time before the time of course start in UK universities or colleges through <a href=\"https://www.vfsglobal.co.uk/np/en\"><u>VFS </u></a><u><a href=\"https://www.vfsglobal.co.uk/np/en\">Global </a></u>&nbsp;in partner or collaboration to UK Visas and Immigration.&nbsp;<br />\r\n<br />\r\nTo submit your visa application form, students are required to first get appointment in VFS Kathmandu. Once you completed visa form, print out the email for appointment confirmation and submit the application along with valid passport and all supporting documents.<br />\r\nStudent visa in UK is called Tier 4 (General) student visa under point based system. Students are needed to obtain 30 points from Confirmation of Acceptance for Studies (CAS) form the universities or colleges you are applying and 10 points for Funds Maintenance.<br />\r\n<br />\r\n<strong>Note: </strong>Your University or college should be registered in home office under Tier-4 sponsor.<br />\r\n<br />\r\n<strong>UK student visa rules:</strong>\r\n<ul style=\"margin-left: 40px;\">\r\n	<li>UK universities are world renowned and its degree is acknowledged and accepted around the globe. International student in UK has some strict rules and regulations.</li>\r\n	<li>Only student of course level 6 or above are allowed to work 20 hours per week during study period. However, the student can work more than 20 hours or full time during holiday period.</li>\r\n	<li>After graduation, you can work full-time if you got job in the relevant field and salary is 20,000 GBP per year.</li>\r\n	<li>Student will have 4 months to find the job after their graduation.</li>\r\n</ul>\r\nIn UK, there is high probability of recruitment in the post Brexit time since many EU citizens could leave UK because of Brexit results to cut ties to EU.<br />\r\n<br />\r\n<strong>Documents </strong><strong>check list</strong>\r\n\r\n<ul style=\"margin-left: 40px;\">\r\n	<li>Valid passport or travel document</li>\r\n	<li>Proof of English Proficiency (IELTS) as required by University or college.</li>\r\n	<li>CAS letter from intended or enrolled University or college.</li>\r\n	<li>Proof of fund that you can support yourself for tuition fee and cost of living for one year</li>\r\n	<li>Proof that you are tuberculosis free.</li>\r\n</ul>\r\nFor more detail and official information please visit Home Office UK for <a href=\"https://www.gov.uk/tier-4-general-visa/documents-you-must-provide\"><u>Tier-4 student</u> </a><br />\r\n&nbsp;', 14, '1548750278_uk-flag.jpg', NULL, '1550037707_visa-application.jpg', NULL, NULL, NULL, 'United Kingdom', NULL, '1', '2019-01-21 04:16:42', '2019-02-13 12:01:47'),
(22, 'Ireland', 'ireland', 'Student Visa Application Guideline for Ireland', 'Main', 'Normal', 6, NULL, 'Student visa to Ireland must be filled up and submitted through online and students are required to submit their biometrics and other documents through VFS Global office in Nepal.<br />\r\nStudents are supposed to submit both academic and financial documents during student visa application to Ireland. Students are required to submit signed application letter with full detailed contacts demonstrating strong reason for Ireland study.<br />\r\n<br />\r\n<strong>Documents checklists:</strong>\r\n<ul style=\"margin-left: 40px;\">\r\n	<li>Valid passport or travel documents</li>\r\n	<li>Acceptance letter or evidence of enrollment</li>\r\n	<li>Evidence showing payment of tuition fee as requested by university or college</li>\r\n	<li>Affidavits demonstrating you have enough funds to support living cost (€7000) and one year tuition fee (€5000 - €12000).</li>\r\n	<li>If you have academic gap, you should filled the gap with some other activities which might include employment or short courses.</li>\r\n	<li>Evidence you are fluent in English according to University or college requirements</li>\r\n</ul>\r\n&nbsp;<br />\r\n&nbsp;', 14, '1548750371_ireland-flag.jpg', NULL, '1550037733_visa-application.jpg', NULL, NULL, NULL, 'Ireland', NULL, '1', '2019-01-21 04:17:07', '2019-02-13 12:02:13'),
(23, 'Germany', 'germany', 'Student Visa Application Guideline for Germany', 'Main', 'Normal', 7, NULL, 'Students out-side the EU countries and other than US, Canada, Australia, New Zealand, Israel, Japan or South Korea do not need student visa to study in German Universities. Students are required to apply three months before move to Germany for study; for this, you need to apply through German Embassy in your home country – for Nepalese student, student need to apply through German Embassy, Kathmandu.<br />\r\n<br />\r\nAs visa processing to study in Germany, first student need to schedule an appointment online for visa interview and on the interview day visa application documents will be submitted to Embassy along with following listed documents. Students are needed to pay visa application fee of €75. Depending up on the course duration, student visa processing time varies. For long-stay student visa it takes 8-10 weeks while for short-stay visa, processing time will be 15-30 days.<br />\r\n<br />\r\n<strong>For the application following documents are needed. </strong>\r\n<ul style=\"margin-left: 40px;\">\r\n	<li>2 copy of Completed visa application form</li>\r\n	<li>Valid passport</li>\r\n	<li>Citizenship certificate original and two copies</li>\r\n	<li>Three recent biometrical passport photographs</li>\r\n	<li>Letter demonstrating acceptance from German University</li>\r\n	<li>Academic testimonials</li>\r\n	<li>Self-written letter of motivation explaining motivation and reason for study in Germany.</li>\r\n	<li>Testimonials demonstrating German Language proficiency as required by your university</li>\r\n	<li>Financial affidavit to support your living while studying in Germany (€8,700 per year) – residential permit fee.</li>\r\n	<li>Proof of health insurance</li>\r\n	<li>Declaration of authenticity of document submitted</li>\r\n</ul>\r\n<br />\r\n<strong>Note:</strong>&nbsp;All the documents in Nepali language are to be supported in English or German translation.<br />\r\nThere are three types of study visa categories in German.\r\n<ol style=\"margin-left: 40px;\">\r\n	<li>Language Course Visa (Visa for Language Learning) – for educational purpose lasting from 3 months to 1 years.</li>\r\n	<li>Student Applicant Visa (Visum Zur Studienbewerbung) – when you do not get confirmation letter from your university and still want to find right program and study in Germany.</li>\r\n	<li>Student Visa (Visum Zu Studienwecken) – if you are accepted to German University.&nbsp;</li>\r\n</ol>\r\n<br />\r\nStudents are not allowed to work in Germany with student visa stay no more than 120 full days each year. For the student with research assistantship or teaching assistantship in the university won’t cause problem. For the student after graduation, student can extend the stay permit up to 18 months to seek job in Germany. For detailed information visit <a href=\"https://kathmandu.diplo.de/np-en/service/05-VisaEinreise\">German Embassy Kathmandu</a>.<br />\r\n&nbsp;', 14, '1548750461_germanflag.jpg', NULL, '1549279978_top-banner.jpg', NULL, NULL, NULL, 'Germany', NULL, '1', '2019-01-21 04:17:24', '2019-02-13 12:02:30'),
(24, 'South Korea', 'south-korea', 'Student visa for South Korea', 'Main', 'Normal', 8, NULL, 'Korean government provides two types of study visa for international students; D-2 is required by international student to study regular courses in Korean institute while D-4 visa is required to study Korean language courses in Korean universities. One who wants to study in Korea has to apply for certificate of visa issuance approval to competent immigration office; once is used by the Korean consulate to issue Korean visa.<br />\r\n<br />\r\n<span style=\"font-size:18px;\"><strong>South Korea has two procedures as follows:</strong></span><br />\r\n<strong>Visa issuance certificate </strong><br />\r\nUpon request for visa issuance approval by applicant seeking student visa, Ministry of Justice or the head of the Immigration Office does preliminary inspection on the subject. If they deem it necessary after inspection, they issue a certificate of visa issuance approval prior to issuance of student visa. Once applicant receives visa issuance approval, Korean consulate issues student visa to the applicant.<br />\r\n&nbsp;<br />\r\n<strong>Documents for visa application</strong>\r\n<ol style=\"margin-left: 40px;\">\r\n	<li>Visa application forms (form #34),</li>\r\n	<li>Photo copy of passport</li>\r\n	<li>One standard size photograph</li>\r\n	<li>Application fee</li>\r\n	<li>Photocopy of Business Registration Certificate (or distinct number certificate) of respective education institution</li>\r\n	<li>Standard Acceptance Letter (Issued by the dean/president of the University)</li>\r\n	<li>Documents proving your family relations (only when your parent’s certificate of balance is submitted)</li>\r\n</ol>\r\nBy principle, you must apply at a Korean diplomatic mission in your country.<br />\r\n<br />\r\nFor official information please visit the link below:<br />\r\n<a href=\"http://www.studyinkorea.go.kr/en/overseas_info/allnew_visaApplication.do\">http://www.studyinkorea.go.kr/en/overseas_info/allnew_visaApplication.do</a><br />\r\n&nbsp;<br />\r\n&nbsp;', 14, '1548750586_korea-flag.jpg', NULL, '1550037771_visa-application.jpg', NULL, NULL, NULL, 'South Korea', NULL, '1', '2019-01-21 04:17:39', '2019-02-13 12:02:51'),
(25, 'IELTS', 'ielts', 'IELTS', 'Main', 'Normal', 1, 'IELTS (International English Language Testing System) measures the language ability of people who want to work or migrate to English language speaking countries like Australia, USA, UK, Canada, and New Zealand.&nbsp;', '<p>IELTS (International English Language Testing System) measures the language ability of people who want to work or migrate to English language speaking countries like Australia, USA, UK, Canada, and New Zealand.&nbsp;<br />\r\n<br />\r\n<strong>IELTS are categorized as follow: </strong></p>\r\n\r\n<ul>\r\n	<li style=\"margin-left: 40px;\">IELTS – Academic (intended for academic purpose such as abroad study)</li>\r\n	<li style=\"margin-left: 40px;\">IELTS – General Training (intended for migration other than study purpose)&nbsp;</li>\r\n</ul>\r\n<br />\r\n<strong>Test Format: &nbsp;</strong>\r\n\r\n<table border=\"1\" cellpadding=\"4\" cellspacing=\"4\" style=\"width:638px;\" width=\"638\">\r\n	<tbody>\r\n		<tr>\r\n			<td style=\"width:103px;\"><strong>Tasks</strong></td>\r\n			<td style=\"width:402px;\"><strong>Number of questions</strong></td>\r\n			<td style=\"width:133px;\"><strong>Time duration</strong></td>\r\n		</tr>\r\n		<tr>\r\n			<td style=\"width:103px;\">Listening</td>\r\n			<td style=\"width:402px;\">You will listen 4 sets of recordings and write the answer to series of 40 questions.</td>\r\n			<td style=\"width:133px;\">30 minutes</td>\r\n		</tr>\r\n		<tr>\r\n			<td style=\"width:103px;\">Reading</td>\r\n			<td style=\"width:402px;\">Reading components consists of 3 passages and need to answer 40 questions.</td>\r\n			<td style=\"width:133px;\">60 minutes</td>\r\n		</tr>\r\n		<tr>\r\n			<td style=\"width:103px;\">Writing</td>\r\n			<td style=\"width:402px;\">Two tasks for both academic and General Training (one analytical for given data and other issue writing with views)</td>\r\n			<td style=\"width:133px;\">60 minutes</td>\r\n		</tr>\r\n		<tr>\r\n			<td style=\"width:103px;\">Speaking</td>\r\n			<td style=\"width:402px;\">Speaking assess your ability to speak English fluently, use of words and varieties of sentence structures</td>\r\n			<td style=\"width:133px;\">12-16 minutes</td>\r\n		</tr>\r\n	</tbody>\r\n</table>\r\n\r\n<p>&nbsp;<br />\r\n<strong>Note: </strong>Listening, Reading, and Writing (LRW) tests will be held in same day while speaking test will be informed you through email or mobile SMS. Generally, speaking test will be conducted after LRW tests.</p>', 11, '1548225956_ielts.png', NULL, '1549962587_Cambridge-English-photo2.jpg', NULL, NULL, NULL, 'IELTS', NULL, '1', '2019-01-21 04:25:32', '2019-02-12 15:09:47');
INSERT INTO `navigations` (`id`, `nav_name`, `alias`, `caption`, `nav_category`, `page_type`, `position`, `short_content`, `long_content`, `parent_page_id`, `icon_image`, `icon_image_caption`, `banner_image`, `link`, `attachment`, `page_title`, `page_keyword`, `page_description`, `page_status`, `created_at`, `updated_at`) VALUES
(26, 'TOEFL', 'toefl', 'TOEFL', 'Main', 'Normal', 2, 'TOEFL (Test of English as a Foreign Language) is a standardized test to assess the English language skill by ETS (Educational Testing Services).', '<p>TOEFL (Test of English as a Foreign Language) is a standardized test to assess the English language skill by ETS (Educational Testing Services). Its score ranges from 0-120 for 30 score for each skill namely: speaking, reading, writing, and listening.<br />\r\nThough TOEFL has both paper based and internet based testing format, Nepal has internet based test only. Generally, American institutions accept TOEFL as language test and institutions in other countries too.<br />\r\n&nbsp;<br />\r\n<strong>TOEFL Test format </strong></p>\r\n\r\n<table border=\"1\" cellpadding=\"4\" cellspacing=\"4\" style=\"width:630px;\" width=\"630\">\r\n	<tbody>\r\n		<tr>\r\n			<td style=\"width:103px;\"><strong>Skills</strong></td>\r\n			<td style=\"width:402px;\"><strong>Task</strong></td>\r\n			<td style=\"width:125px;\"><strong>Time duration</strong></td>\r\n		</tr>\r\n		<tr>\r\n			<td style=\"width:103px;\">Reading</td>\r\n			<td style=\"width:402px;\">3-5 passages, each containing 12-14 questions</td>\r\n			<td style=\"width:125px;\">60-80 minutes</td>\r\n		</tr>\r\n		<tr>\r\n			<td style=\"width:103px;\">Listening</td>\r\n			<td style=\"width:402px;\">6-9 passages, each containing 5-6 questions</td>\r\n			<td style=\"width:125px;\">60-90 minutes</td>\r\n		</tr>\r\n		<tr>\r\n			<td colspan=\"3\" style=\"width: 630px; text-align: center;\"><strong>Break for 10 minutes</strong></td>\r\n		</tr>\r\n		<tr>\r\n			<td style=\"width:103px;\">Speaking</td>\r\n			<td style=\"width:402px;\">Six tasks</td>\r\n			<td style=\"width:125px;\">20 minutes</td>\r\n		</tr>\r\n		<tr>\r\n			<td style=\"width:103px;\">Writing</td>\r\n			<td style=\"width:402px;\">Two tasks</td>\r\n			<td style=\"width:125px;\">50 minutes</td>\r\n		</tr>\r\n	</tbody>\r\n</table>\r\n\r\n<p>&nbsp;<br />\r\n&nbsp;</p>', 11, '1548226450_toefl.jpg', NULL, '1549962713_toefl_Banner.jpg', NULL, NULL, NULL, 'TOEFL', NULL, '1', '2019-01-21 04:25:47', '2019-02-12 15:11:53'),
(27, 'SAT', 'sat', 'SAT', 'Main', 'Normal', 3, 'SAT (Scholastic Assessment Test) is widely required to enroll in US universities in undergraduate courses. The test is designed to assess the ability of student to think critically and analytical skill.', 'SAT (Scholastic Assessment Test) is widely required to enroll in US universities in undergraduate courses. The test is designed to assess the ability of student to think critically and analytical skill. Test score ranges from 400 to 1600 consisting questions from mathematics and critical reading and writing. The new SAT has optional essay component for 50 minutes – required depending up on universities or college you are applying.<br />\r\n&nbsp;<br />\r\n<strong>SAT Test format </strong>\r\n<table border=\"1\" cellpadding=\"4\" cellspacing=\"4\" style=\"width:630px;\" width=\"630\">\r\n	<tbody>\r\n		<tr>\r\n			<td style=\"width:103px;\"><strong>Skills</strong></td>\r\n			<td style=\"width:245px;\"><strong>Task</strong></td>\r\n			<td style=\"width:282px;\"><strong>Time duration</strong></td>\r\n		</tr>\r\n		<tr>\r\n			<td style=\"width:103px;\">Evidence based reading and writing</td>\r\n			<td style=\"width:245px;\">Reading – 52 standard multiple-choice questions<br />\r\n			Writing – 44 standard multiple-choice questions</td>\r\n			<td style=\"width:282px;\"><span style=\"color:#000000;\"><strong><u>Total 100 minutes Reading</u></strong></span><br />\r\n			One 65-minute section Writing<br />\r\n			One 35-minute</td>\r\n		</tr>\r\n		<tr>\r\n			<td style=\"width:103px;\">Mathematics</td>\r\n			<td style=\"width:245px;\">45 standard multiple-choice questions<br />\r\n			13 student-produced response</td>\r\n			<td style=\"width:282px;\"><strong><u>Total 80 minutes</u></strong><br />\r\n			One 25-minutes section (no calculator)<br />\r\n			One 55-minutes section (calculator allowed)</td>\r\n		</tr>\r\n		<tr>\r\n			<td style=\"width:103px;\">Essay <strong>(optional)</strong></td>\r\n			<td style=\"width:245px;\">1 evidence-based essay</td>\r\n			<td style=\"width:282px;\">50 minutes</td>\r\n		</tr>\r\n	</tbody>\r\n</table>\r\n&nbsp;<br />\r\n<strong>&nbsp;Note: </strong>\r\n\r\n<ul style=\"margin-left: 40px;\">\r\n	<li>SAT is 3 hours 50 minute exam which includes 50-minutes optional essay writing.</li>\r\n	<li>Test consist of four sections: Reading, Writing, Maths and Essay (optional)</li>\r\n	<li>Each section scored out of 800 to sum up 1600 in total.</li>\r\n</ul>\r\n&nbsp;', 11, '1548226003_sat.jpg', NULL, '1549962820_sat_banner.jpg', NULL, NULL, NULL, 'SAT', NULL, '1', '2019-01-21 04:25:55', '2019-02-12 15:13:40'),
(28, 'PTE', 'pte', 'PTE', 'Main', 'Normal', 4, 'PTE (Pearson Test of English Academic) is a new computer based academic English language test. The test measures four skills of English language; they are listening, reading, speaking and writing skills.', 'PTE (Pearson Test of English Academic) is a new computer based academic English language test. The test measures four skills of English language; they are listening, reading, speaking and writing skills.<br />\r\n&nbsp;<br />\r\n<strong>PTE Test format </strong>\r\n<table border=\"1\" cellpadding=\"4\" cellspacing=\"4\" style=\"width:630px;\" width=\"630\">\r\n	<tbody>\r\n		<tr>\r\n			<td style=\"width:103px;\"><strong>Skills</strong></td>\r\n			<td style=\"width:402px;\"><strong>Task</strong></td>\r\n			<td style=\"width:125px;\"><strong>Time duration</strong></td>\r\n		</tr>\r\n		<tr>\r\n			<td style=\"width:103px;\">Speaking<br />\r\n			and<br />\r\n			Writing</td>\r\n			<td style=\"width:402px;\">\r\n			<ul style=\"margin-left: 40px;\">\r\n				<li>Personal introduction</li>\r\n				<li>Read aloud</li>\r\n				<li>Repeat sentence</li>\r\n				<li>Describe image</li>\r\n				<li>Re-tell lecture</li>\r\n				<li>Answer short questions</li>\r\n				<li>Summarize written text</li>\r\n				<li>Easy (20 minutes)</li>\r\n			</ul>\r\n			</td>\r\n			<td style=\"width:125px;\">77-93 minutes</td>\r\n		</tr>\r\n		<tr>\r\n			<td style=\"width:103px;\">Reading</td>\r\n			<td style=\"width:402px;\">\r\n			<ul style=\"margin-left: 40px;\">\r\n				<li>Fill in the blanks</li>\r\n				<li>Multiple choices questions</li>\r\n				<li>Re-order paragraphs</li>\r\n				<li>Multiple choice questions</li>\r\n			</ul>\r\n			</td>\r\n			<td style=\"width:125px;\">32-41 minutes</td>\r\n		</tr>\r\n		<tr>\r\n			<td style=\"width:103px;\">Listening</td>\r\n			<td style=\"width:402px;\">\r\n			<ul style=\"margin-left: 40px;\">\r\n				<li>Summarize spoken text</li>\r\n				<li>Multiple choice questions</li>\r\n				<li>Fill in the blanks</li>\r\n				<li>Highlight the correct summary</li>\r\n				<li>Select missing word</li>\r\n				<li>Highlight incorrect words</li>\r\n				<li>Write from dictation</li>\r\n			</ul>\r\n			</td>\r\n			<td style=\"width:125px;\">45-57 minutes</td>\r\n		</tr>\r\n	</tbody>\r\n</table>\r\n&nbsp;<br />\r\n&nbsp;<br />\r\n<strong>Note: </strong>\r\n\r\n<ul style=\"margin-left: 40px;\">\r\n	<li>Test duration is 3 hours</li>\r\n	<li>Computer and headsets will be used for listening, reading and responding the questions</li>\r\n	<li>There are twenty different question formats, ranging from multiple choice through to essay writing and interpreting information</li>\r\n	<li>You will hear range of accents in the test – from British and American to non-native speakers regarding daily basis activities.</li>\r\n</ul>', 11, '1548226017_pte.jpg', NULL, '1549962896_PTE_test.png', NULL, NULL, NULL, 'PTE', NULL, '1', '2019-01-21 04:26:10', '2019-02-12 15:14:56'),
(29, 'GRE', 'gre', 'GRE', 'Main', 'Normal', 5, 'GRE (Graduate Record Exam) is standardized test by Educational Testing Services (ETS) to assess the ability of reasoning and analytical skills of students who are looking for graduate school admission.', 'GRE (Graduate Record Exam) is standardized test by Educational Testing Services (ETS) to assess the ability of reasoning and analytical skills of students who are looking for graduate school admission. GRE test scores are requested by all most all universities in US for Masters and PhD programs. There are both general and subject GRE test. Depending upon your intended graduate schools and department you are applying, either GRE General or both might be asked to submit. Though GRE has test format in both internet based and paper based, Nepal has no paper based test. GRE has three sections: Verbal Reasoning, Quantitative Reasoning, and Analytical Writing. Test duration is 3 hours excluding research section. &nbsp;Verbal and Quantitative sections will be screened alternatively during the test.<br />\r\n<br />\r\n<strong>GRE Scoring</strong>\r\n<ul style=\"margin-left: 40px;\">\r\n	<li>Analytical Writing: each scaled to 0 – 6 and averaged.</li>\r\n	<li>Verbal Reasoning: 130 – 170</li>\r\n	<li>Quantitative Reasoning:&nbsp; 130 – 170</li>\r\n</ul>\r\n&nbsp;<br />\r\n<strong>GRE Test format </strong>\r\n\r\n<table border=\"1\" cellpadding=\"4\" cellspacing=\"4\" style=\"width:630px;\" width=\"630\">\r\n	<tbody>\r\n		<tr>\r\n			<td style=\"width:168px;\"><strong>Task</strong></td>\r\n			<td style=\"width:240px;\"><strong>Number of Questions</strong></td>\r\n			<td style=\"width:222px;\"><strong>Time duration</strong></td>\r\n		</tr>\r\n		<tr>\r\n			<td style=\"width:168px;\">Analytical Writing (two separate tasks)</td>\r\n			<td style=\"width:240px;\">One analytical issue writing<br />\r\n			One analytical argument writing</td>\r\n			<td style=\"width:222px;\">30 minutes per tasks</td>\r\n		</tr>\r\n		<tr>\r\n			<td style=\"width:168px;\">Verbal Reasoning (Two sections)</td>\r\n			<td style=\"width:240px;\">20 questions per section</td>\r\n			<td style=\"width:222px;\">30 minutes per sections</td>\r\n		</tr>\r\n		<tr>\r\n			<td style=\"width:168px;\">Quantitative Reasoning&nbsp; &nbsp; &nbsp; &nbsp;(Two Sections )</td>\r\n			<td style=\"width:240px;\">20 questions per section</td>\r\n			<td style=\"width:222px;\">35 minutes per sections</td>\r\n		</tr>\r\n		<tr>\r\n			<td style=\"width:168px;\">Research section<br />\r\n			&nbsp; &nbsp; &nbsp; &nbsp; &nbsp;or<br />\r\n			unscored section</td>\r\n			<td style=\"width:240px;\">20 questions</td>\r\n			<td style=\"width:222px;\">30 minute if it is verbal<br />\r\n			or<br />\r\n			35 minutes if it is quantitative</td>\r\n		</tr>\r\n	</tbody>\r\n</table>\r\n&nbsp;<br />\r\n<strong>&nbsp;Note: </strong>\r\n\r\n<ul style=\"margin-left: 40px;\">\r\n	<li>Your raw score can be estimate at the end of test.</li>\r\n	<li>Official score could be reported after 14 days of your test date.</li>\r\n	<li>You can send 5 test scores for free at the time when you are ready to finish your test.&nbsp;</li>\r\n</ul>\r\n&nbsp;', 11, '1548226044_logo_gre.jpg', NULL, '1549965167_GRE-PageBanner.jpg', NULL, NULL, NULL, 'GRE', NULL, '1', '2019-01-21 04:26:18', '2019-02-12 15:52:47'),
(30, 'GMAT', 'gmat', 'GMAT', 'Main', 'Normal', 6, 'GMAT (Graduate Management Admission Test) is 4 hours test including breaks to assess your ability to perform well in your graduate management program.', 'GMAT (Graduate Management Admission Test) is 4 hours test including breaks to assess your ability to perform well in your graduate management program. GMAT scores are used by graduate management schools for admission decision especially MBA program. GMAT has four sections namely: Analytical Writing, Assessment, Integrated Reasoning, Quantitative, and Verbal.&nbsp; Maximum scaled score for GMAT is 800; each verbal and quantitative section scaled to 800 and average. &nbsp;<br />\r\n&nbsp;<br />\r\n<strong>GMAT Test format </strong>\r\n<table border=\"1\" cellpadding=\"4\" cellspacing=\"4\" style=\"width:612px;\" width=\"612\">\r\n	<tbody>\r\n		<tr>\r\n			<td style=\"width:246px;\"><strong>Task</strong></td>\r\n			<td style=\"width:222px;\"><strong>Number of Questions</strong></td>\r\n			<td style=\"width:144px;\"><strong>Time duration</strong></td>\r\n		</tr>\r\n		<tr>\r\n			<td style=\"width:246px;\">Analytical Writing assessment &nbsp;</td>\r\n			<td style=\"width:222px;\">1 essay</td>\r\n			<td style=\"width:144px;\">30 minutes</td>\r\n		</tr>\r\n		<tr>\r\n			<td style=\"width:246px;\">Integrated Reasoning</td>\r\n			<td style=\"width:222px;\">12 questions</td>\r\n			<td style=\"width:144px;\">30 minutes</td>\r\n		</tr>\r\n		<tr>\r\n			<td style=\"width:246px;\">Quantitative</td>\r\n			<td style=\"width:222px;\">37 questions</td>\r\n			<td style=\"width:144px;\">75 minutes</td>\r\n		</tr>\r\n		<tr>\r\n			<td style=\"width:246px;\">Verbal &nbsp;</td>\r\n			<td style=\"width:222px;\">41 questions</td>\r\n			<td style=\"width:144px;\">75 minute<br />\r\n			&nbsp;</td>\r\n		</tr>\r\n	</tbody>\r\n</table>\r\n&nbsp;<br />\r\n&nbsp;<br />\r\n&nbsp;', 11, '1548226436_gmat.jpg', NULL, '1549965586_GRE-Banner.jpg', NULL, NULL, NULL, 'GMAT', NULL, '1', '2019-01-21 04:26:29', '2019-02-12 15:59:46'),
(31, 'Study in Australia', 'study-in-australia', 'Australia', 'Main', 'Normal', 1, NULL, '<br />\r\n<strong><span style=\"font-size:18px;\">Australia as Study Destination</span></strong><br />\r\nIn recent decade and forth, Australia is grooming as one of the best educational destinations for international students – especially for Asian student because world recognized degree, numerous course option according to students interests and professional courses.<br />\r\nHigh teaching methodology, advanced facilities and diverse educational environment in universities and colleges are attracting the international students around the globe. Due to reputable educational system in Australia, university and college graduates get job easily all over the world.<br />\r\n<br />\r\n<strong>Here are seven concrete rationales to choose Australia as one of the educational destinations.</strong><br />\r\n&nbsp;<br />\r\n<strong>1. World recognized education and degree</strong><br />\r\nAustralian Universities are 10 - 15 out of 100 universities ranked by different global university ranking organizations such as US-News Rankings, QS World University ranking, Times Higher Education Ranking because of high quality educational system and<br />\r\n&nbsp;<br />\r\n<strong>2. Diverse course options</strong><br />\r\nMore than 20,000 highly recognized and high-quality courses and programmes are offered in more than 1,000 educational institutions (universities and colleges). Students have diverse course options in different disciplines such as medical science – includes nursing, pharmacy etc., computers science and engineering, environmental science, and business studies.<br />\r\n&nbsp;<br />\r\n<strong>3. Legal Work permits during and post study</strong><br />\r\nStudents are legally eligible for part-time work during student-visa status for international students and Australian government grants 2 to 4 years of post-study visa after completion of Bachelor’s, Master’s or PhD degree. &nbsp;International students are allowed to work to the best 20 hrs/week per during study period and full time more than 20 hours/week during university or college holiday period with minimum wage of AU$ 18 per hour. Majority of the international students find job in hospitality and retail with flexible working hour according to students’ class.<br />\r\n&nbsp;<br />\r\n<strong>4. Numerous Scholarship offered by Universities and government </strong><br />\r\nAustralian Leadership Awards <strong>(ALA)</strong>, Australian Development Scholarships <strong>(ADS)</strong> are prestigious scholarships for Nepalese students to study Master and PhD study in Australian Universities. The scholarship covers all the costs such as travel, tuition fee, and health insurance. &nbsp;<br />\r\n<br />\r\n<strong>ALA</strong> is open for field of study disability, economic growth, education, environment, food security, governance, health, human rights, infrastructure, rural development, water and sanitation. Recipients are required to return to home country after completion of course while&nbsp;<strong>ADS</strong> is open for the study of health, economics, environment, gender and inclusion, agriculture, business administration.<br />\r\n<br />\r\nAs eligibility criteria, applicant must have unconditional letter of offer from Australian University and should have IELTS score of 6.5 or more. Candidate should have bachelors’ or masters’ degree equivalent to Australian education.<br />\r\nMoreover, different universities in Australia have scholarship packages depending upon different universities in Australia and programme of study.<br />\r\n&nbsp;<br />\r\n<strong>5. Diverse and safe cultural environment </strong><br />\r\nAustralia is one of the safest countries in the world for international students with diverse nationalities, cultures, race and religions. Melbourne, Sydney most are liveable cities with affordable cost, quality of life and employment opportunities and weather too.<br />\r\n&nbsp;<br />\r\n<strong>6. Easier visa processing and norms</strong><br />\r\nStudy visa in Australia is relatively easier to be granted to international students than the visas in USA, Canada, UK. Australian government has introduced simplified student visa framework intended to efficient visa services to the international applications for study permission.<br />\r\n&nbsp;<br />\r\n<strong>7. Great place to explore</strong><br />\r\nStudying abroad is not only the developing skills and knowledge going far from your home country but also exploring cultures and civilization, and experiencing life style in the countries where you are studying. Australia has 19 UNESCO World Heritage sites to explore.<br />\r\n&nbsp;<br />\r\n<span style=\"font-size:18px;\"><strong>Educational System in Australia</strong></span><br />\r\nAustralian educational system comprises vocational education and training (VET), technical and further education (TAFE), and higher education (university educations). The educational qualification systems are regulated by the Australian government through Australian Qualification Framework (AQF) which unifies and assures the quality of education offered in different level by the universities and colleges.<br />\r\n&nbsp;<br />\r\n<span style=\"font-size:16px;\"><strong>Intakes and Courses in Australia:</strong></span>\r\n<ol style=\"margin-left: 40px;\">\r\n	<li><strong>Foundation courses:</strong> duration is 1 year and intake is, in general, February (depends on universities)</li>\r\n	<li><strong>Vocational and training courses:</strong> duration is 6 months – 1 year and its intake are in general Jan, May, June, Oct.</li>\r\n	<li><strong>Undergraduate courses:</strong> duration is 3 years while 4 years for honors degree and intake is Feb, July and Nov, depends on individual universities, though.</li>\r\n	<li><strong>Masters courses/Post-graduate courses</strong>: duration is 1-2 years and intake is March, Feb, July, Nov (depends on universities).</li>\r\n	<li><strong>Doctoral degrees:</strong> duration is 3-4 years and intake is rolling type when your potential supervisor has projects.</li>\r\n</ol>\r\n&nbsp;<br />\r\n<strong>General Eligibility criteria</strong><br />\r\nThough different universities and colleges have their own application requirements to corresponding programmes and courses, here are tentative requirements for different levels.<br />\r\n&nbsp;<br />\r\n<strong>English Language Proficiency</strong><br />\r\nAll the international (non-native English speaking) applications are required to take recognized English proficiency language test such as IELTS/TOEFL/PTE/IDP however recognition of the test and eligibility score requirements depend on individual institutions or universities.<br />\r\n<strong>Undergraduate Programmes:</strong>&nbsp; Minimum IELTS band score of 6.0 with no less than 6.0 in each band for<br />\r\n<strong>Post-Graduate or Masters Programme</strong> : minimum IELTS band score is 6.5 with no less than 6.0 in each bands.<br />\r\n&nbsp;<br />\r\n<strong>Academic requirements</strong><br />\r\nDepending up on the programmes, different university has different academic requirements however, here summed up the general requirements.&nbsp;&nbsp;\r\n<ol style=\"margin-left: 40px;\">\r\n	<li><strong>Undergraduate Programmes: </strong></li>\r\n</ol>\r\n\r\n<ul>\r\n	<li style=\"margin-left: 80px;\">High-school certificate that is +2 equivalent educations with academic score of 60 % or above.</li>\r\n	<li style=\"margin-left: 80px;\">Some of the programmes (computer science or engineering) may require mathematics in XII.</li>\r\n</ul>\r\n\r\n<ol style=\"margin-left: 40px;\">\r\n	<li><strong>Post Graduate or Masters Programmes: </strong></li>\r\n</ol>\r\n\r\n<ul style=\"margin-left: 80px;\">\r\n	<li value=\"5\">Recognized undergraduate certificate or 15 years of education with strong academic background.</li>\r\n	<li value=\"5\">Some Universities might ask for relevant work experience for MBA programmes.</li>\r\n</ul>\r\nOther documents for university or college application includes passport copy (proof of photo ID and address), recommendation letters, statement of purposes, and portfolio of work.<br />\r\n&nbsp;<br />\r\n<strong>Different courses offered by Australian-Universities most Nepalese students preferred:</strong>\r\n\r\n<ol style=\"margin-left: 40px;\">\r\n	<li><strong>Engineering and Technology:</strong> includes civil, chemical telecommunication, electrical &amp; electronics, structural, computer engineering.&nbsp;</li>\r\n	<li><strong>Mathematics and Computing:</strong> includes Computer science, mathematics and statistics, Computer based information system.</li>\r\n	<li><strong>Health Science:</strong> includes Nursing, Physiotherapy, Nutrition, Environmental health, public health, pharmacy.</li>\r\n	<li><strong>Law and Business Administration:</strong> includes Economics, Human Resource Management, Accounting, Marketing, and Administration.</li>\r\n</ol>\r\n&nbsp;<br />\r\n<strong>Top world ranked universities by QS Rankings (2019)</strong>\r\n\r\n<ol style=\"margin-left: 40px;\">\r\n	<li>The University of Melbourne (#39)</li>\r\n	<li>The University of Sydney (#42)</li>\r\n	<li>The University of New South Wales (#45)</li>\r\n	<li>Monash University (#59)</li>\r\n	<li>The University of Western Australia (#91)</li>\r\n	<li>University of Technology Sydney (#160)</li>\r\n	<li>The University of Adelaide (#114)</li>\r\n	<li>Queensland University of Technology (#244)</li>\r\n	<li>Macquarie University (#250)</li>\r\n	<li>Curtin University (#250)</li>\r\n	<li>RMIT University (#250)</li>\r\n	<li>La Trobe University&nbsp; (#397)</li>\r\n</ol>\r\n&nbsp;<br />\r\n&nbsp;<br />\r\n&nbsp;<br />\r\n&nbsp;', 4, '1548224588_austrailia.jpg', NULL, '1549280445_UNIVERSITY.jpg', NULL, NULL, NULL, 'Study in Australia', NULL, '1', '2019-01-21 04:28:51', '2019-02-04 17:40:45'),
(32, 'Study in Canada', 'study-in-canada', 'Canada', 'Main', 'Normal', 2, NULL, '<br />\r\n<span style=\"font-size:18px;\"><strong>Study Destination Canada</strong></span><br />\r\nIt is wonder why people around the world prefer to study and live in Canada – a frigid North American country; this is because the country is peace loving, secure society and friendly, additionally, UN survey to claim Canada to be one of the top three place to live in the world for nine consecutive years. The Canadian constitution believes in equality, respect to all individuals and diversity. Canada has also claimed to categorize the country as “the best place to live and to study”. Majority of international students prefer Canada as destination for education because of high-quality education in relatively low cost tuition fee around the globe, beautiful and multicultural atmosphere in the university territory and in the resident too. Another attraction for international students is opportunity to work along with high-quality education and long term stay opportunities in Canada after completion of their education (permanent resident opportunities).<br />\r\n<br />\r\nPost secondary education in Canada – also known as higher education – is offered both by public and private universities of institutions. Institutions offer degrees, diplomas and certificate courses.<br />\r\n&nbsp;<br />\r\n<span style=\"font-size:18px;\"><strong>Why Canada as Educational Destination?</strong></span>&nbsp;<br />\r\n<strong>1. High-quality education in the world-class universities </strong><br />\r\nCanadian degrees, certificates and diplomas are recognized in commonwealth countries, in USA and all over the world. Because of high standard (maintained) academic Excellency universities such as University of British Columbia, McGill University, and University of Toronto are ranked in to 50 universities in the world by QS university rankings, US-News world rankings.<br />\r\n&nbsp;<br />\r\n<strong>2. Wide range of programmes and courses </strong><br />\r\nUniversities, colleges and other educational institutions offer wide range of programmes in skill oriented professional courses, technical field and purely academic areas. Universities offer more than 10,000 undergraduate and graduate degree programmes along with professional degree programmes and certificate courses. Most attractive courses for nealese student in Canada is Business Administrations, and Electrical and Electronic Engineering in renewable energy.<br />\r\n&nbsp;<br />\r\n<strong>3. Scholarships and Low cost of education</strong><br />\r\nConsidering potential contribution to Canada by international students, federal, provincial and territorial governments in Canada offer several scholarships and bursaries for deserving students. Additionally, tuition fee for foreign students in Canada is relatively lower compared to USA, UK, and Australia. Tentative cost for foreign students for one year undergraduate programme in Canadian university is CAD 12,000 while in USA the cost is 3 times or more.<br />\r\n&nbsp;<br />\r\n<strong>4. Work opportunities during and after education </strong><br />\r\nCurrently, students are allowed to work in on campus during study period; however, government is further working to formulate the regime to allow off-campus employment for international student. After graduating from Canadian universities or colleges (either diploma or degree), international students have opportunities to stay and work up to one year.<br />\r\n&nbsp;<br />\r\n<strong>5. Immigration opportunities </strong><br />\r\nAfter graduation from Canadian universities or colleges, students can apply for one year of stay for work which eventually helps you for application for permanent resident (PR). Once you have work experience of one year, you are eligible for permanent citizenship – usually takes 15-18 months of processing time.<br />\r\n&nbsp;<br />\r\n<strong>6. Safe, peaceful and beautiful place to live </strong><br />\r\nCompared to USA, Canada is relatively safe and peaceful country to live. The rate of violent crimes was found to be decreasing in recent decades indexing top 10 safest countries to visit in the world. Canada has diverse landscape situated near the Arctic Circle surrounded by Pacific, Atlantic and Arctic oceans. Cities in the Canada are world famous for their beauty attracting large number of tourists annually.<br />\r\n&nbsp;<br />\r\n<strong>7. Multicultural country with democratic norms and values </strong><br />\r\nOver the past century, Canada has welcomed more than 15 million immigrants, obviously, comprising diverged cultures consisting of almost all of the world’s ethnic groups. You will find most ethnic foods and cultural activities in Canadian societies, and, still, Canadian government is fostering multicultural diversity.<br />\r\n&nbsp;<br />\r\n<span style=\"font-size:18px;\"><strong>Education in Canada</strong></span><br />\r\nCanadian universities or colleges offer different certifications with different course study period.<br />\r\nFollowing are general summery for Canadian higher educations\r\n<ul style=\"margin-left: 40px;\">\r\n	<li>Certificate level (one year)</li>\r\n	<li>Diploma level (two years)</li>\r\n	<li>Advanced Diploma (three years)</li>\r\n	<li>Fast track Diplomas or Advanced Diploma (one or two years)</li>\r\n	<li>Post-graduate Diplomas/Certificates (one or two years)</li>\r\n	<li>Master’s Degree (one to two years)</li>\r\n	<li>M. Phil. Degree (two years)</li>\r\n	<li>Doctorate or PhD (four to seven years)</li>\r\n</ul>\r\n&nbsp;<br />\r\n<span style=\"font-size:18px;\"><strong>General Eligibility Criteria</strong></span><br />\r\n<strong>English Language Proficiency</strong><br />\r\nAll the international (non-native English speaking) applications are required to take recognized English proficiency language test such as IELTS/TOEFL/PTE; however, recognition of the test and eligibility score requirements depends on individual institutions or universities.<br />\r\n<strong>Undergraduate Study</strong>:\r\n\r\n<ul style=\"margin-left: 40px;\">\r\n	<li>Most of universities in states other than Quebec require 12 years of education for undergraduate admission while universities in Quebec require minimum of 13 years of school education.</li>\r\n	<li>Minimum aggregate marks of 65% for Nepalese students are eligible for undergraduate applications; while for diploma above 50% of aggregate marks is acceptable.</li>\r\n	<li>IELTS/PTE academic test score is required with overall score of 6.0 or higher.</li>\r\n</ul>\r\n<strong>Masters in Study: </strong>\r\n\r\n<ul style=\"margin-left: 40px;\">\r\n	<li>Most of the universities requires bachelors’ degree equivalent to Canadian bachelors’ degree – 16 years of formal education. Student with four years bachelors’ course in Nepal is eligible for Master’s level application.</li>\r\n	<li>IELTS score of 7.0 or above is required for Master’s level application while for PG diploma, 6.5 or above is eligible.</li>\r\n	<li>Some universities could ask for relevant work experience for MBS and Master’s degree in IT.</li>\r\n</ul>\r\n&nbsp;<br />\r\n<strong>Top World Ranked Universities by QS University Rankings (2019)</strong>\r\n\r\n<ol style=\"margin-left: 40px;\">\r\n	<li>University of Toronto (#28)</li>\r\n	<li>McGill University (#33)</li>\r\n	<li>University of British Columbia (#47)</li>\r\n	<li>University of Alberta (#109)</li>\r\n	<li>McMaster University (#146)</li>\r\n	<li>Université De Montréal (#149)</li>\r\n	<li>University of Waterloo (#163)</li>\r\n	<li>The University of Western Ontario (#214)</li>\r\n	<li>University of Calgary (#229)</li>\r\n	<li>Queen’s University At Kington (#239)</li>\r\n	<li>York University (#481)</li>\r\n</ol>', 4, '1548224663_canada.jpg', NULL, '1549272384_study-in-canada-banner.jpg', NULL, NULL, NULL, 'Study in Canada', NULL, '1', '2019-01-21 04:29:17', '2019-02-04 15:26:24'),
(33, 'Study in New Zealand', 'study-in-new-zealand', 'New Zealand', 'Main', 'Normal', 3, NULL, '<br />\r\n<strong><span style=\"font-size:18px;\">New Zealand as a Study Destination&nbsp;</span></strong><br />\r\nNew Zealand is most attractive study destination for international students as it offers wide range of study opportunities in world ranked universities for affordable cost of tuition. In this running decade, for Nepalese students, New Zealand is becoming one of the destinations for high-quality education in overseas.<br />\r\n&nbsp;<br />\r\n<span style=\"font-size:18px;\"><strong>Rationale for New Zealand Study</strong></span>&nbsp;<br />\r\n<strong>1. World – renowned universities for quality education</strong><br />\r\nNew Zealand has top ranked world class universities for quality education for those who are looking for abroad study and want to explore the world. Universities in the New Zealand offers application based courses for skilled world job-markets.<br />\r\n&nbsp;<br />\r\n<strong>2. Easy acquisition for entry </strong><br />\r\nNew Zealand has moderate entry requirements for international students to attract globalized scenario for education – migrations over the world for education. The government has deployed point-based visa assessment to minimize or avoid ambiguity. Furthermore, universities and colleges provide visa extension services to international students for proper application process – monitor and follow up visa processing in timely manner.<br />\r\n&nbsp;<br />\r\n<strong>3. Part time work right while studying</strong><br />\r\nIn New Zealand, international students have right for part time work while studying up to 20 hours per week; while during vacations, students are allowed to work more than 20 hours per week and doctorial students are also permitted to work more than 20 hours per week during their study time. Student could have large number of opportunities for internships and other job oriented work opportunities.<br />\r\n&nbsp;<br />\r\n<strong>4. Post study work right and chance to stay in</strong><br />\r\nOnce the students finish their study, they can apply for post-study work permit for 12 months. Additionally, students are allowed to apply for Employer Assisted Post-Study work after their post-study work which could allow students to stay 2 years more as professional worker.<br />\r\n<br />\r\n<strong>5. Safe and welcoming ambiance</strong><br />\r\nNew Zealand is one of the safest countries in the world to live with potential of very low crime rates. It has best support services for international students around the globe.<br />\r\n<br />\r\n<strong>6. Numerous scholarships in New Zealand </strong><br />\r\nNew Zealand universities and government provide numerous scholarships for international students to study in New Zealand who really deserve.<br />\r\n&nbsp;<br />\r\n<strong>7. Plenty to experience and explore </strong><br />\r\nStudying abroad should be full of mysteries to be explore in different aspect such as culture, geography etc. The country is full of lush landscape with unique fauna and flora. You could have enthralling green hills, glaciers, mountains and beaches. Cities are cosmopolitan mixed of cafes, shopping, movies and beautiful night life.<br />\r\n&nbsp;<br />\r\n<strong>Eligibility Criteria</strong><br />\r\nEnglish language requirements\r\n<ul style=\"margin-left: 40px;\">\r\n	<li>Both undergraduate and graduate courses mush have minimum score of 6.5 in IELTS or above.</li>\r\n	<li>Several universities require PTE academic score of 50 for undergraduate while for Msters program it asks score of 64.</li>\r\n</ul>\r\n&nbsp;<br />\r\n<strong>Undergraduate Applications </strong>\r\n\r\n<ul style=\"margin-left: 40px;\">\r\n	<li>12 years higher secondary education (+2 or intermediate)</li>\r\n	<li>Most universities have minimum requirements of 75% in +2, while some of the programme needs mathematics in class XII.</li>\r\n	<li>Minimum IELTS or PTE Academic scores depending up on institutions.</li>\r\n</ul>\r\n<strong>Masters’ Applications </strong>\r\n\r\n<ul style=\"margin-left: 40px;\">\r\n	<li>Bachelors’ degree</li>\r\n	<li>Minimum IELTS/PTE academic scores</li>\r\n	<li>Relevant work experience for MBA or IT Programme.</li>\r\n</ul>\r\n&nbsp;<br />\r\n<strong>Documents Checklist </strong>\r\n\r\n<ol style=\"margin-left: 40px;\">\r\n	<li>All academic certificate and credentials</li>\r\n	<li>Statement of purpose</li>\r\n	<li>Recommendation letter (if your institute requires)</li>\r\n	<li>Work experience letter (if any)</li>\r\n	<li>Curriculum Vitae (CV)</li>\r\n	<li>A valid passport</li>\r\n	<li>Offer letter from New Zealand University of college</li>\r\n	<li>Proof of sufficient funds (in NZ$) :\r\n	<ul style=\"margin-left: 40px;\">\r\n		<li>Fund sufficient for tuition fee</li>\r\n		<li>Finance to cover living expenses (NZ $ 15000 per annum)</li>\r\n		<li>Scholarship letter (if applicable)</li>\r\n		<li>Evidence that you will leave New Zealand once you finish your programme.</li>\r\n	</ul>\r\n	</li>\r\n	<li>Complete medical examination report with chest X-Ray within 1 year</li>\r\n	<li>Medical insurance from college or university enrolled</li>\r\n	<li>Fee receipt.</li>\r\n</ol>\r\n&nbsp;<br />\r\n<strong>Courses available in New Zealand Universities or colleges </strong>\r\n\r\n<ul style=\"margin-left: 40px;\">\r\n	<li>Animation</li>\r\n	<li>Engineering</li>\r\n	<li>Business studies</li>\r\n	<li>Hospitality</li>\r\n	<li>IT and Computer Science</li>\r\n	<li>Nursing</li>\r\n	<li>Health Care</li>\r\n	<li>Business Management</li>\r\n</ul>\r\n<strong>List of Universities in New Zealand</strong>\r\n\r\n<ul style=\"list-style-type: circle; margin-left: 40px;\">\r\n	<li>Auckland University of Technology</li>\r\n	<li>Lincoln University</li>\r\n	<li>University of Auckland</li>\r\n	<li>University of Waikato</li>\r\n	<li>University of Otago</li>\r\n	<li>University of Canterbury</li>\r\n	<li>Victoria University of Wellington</li>\r\n</ul>\r\n&nbsp;<br />\r\n<strong>Certifications in New Zealand </strong><br />\r\n<strong>Undergraduate Courses </strong>\r\n\r\n<ul style=\"margin-left: 40px;\">\r\n	<li>Graduate Diploma (Level 5)</li>\r\n	<li>Graduate Certificate</li>\r\n	<li>Bachelor’s Degree (Level 7)</li>\r\n	<li>Bachelor’s Degree with Honours</li>\r\n</ul>\r\n&nbsp;<br />\r\n<strong>Post Graduate Courses </strong>\r\n\r\n<ul style=\"margin-left: 40px;\">\r\n	<li>Post Graduate Diploma (Level 8)</li>\r\n	<li>Post Graduate Certificate &nbsp;</li>\r\n	<li>Masters Degree (Level 9)</li>\r\n	<li>Doctorates (Level 10)</li>\r\n</ul>', 4, '1548224677_newzealand.jpg', NULL, '1549272340_nz-banner-1024x512.jpg', NULL, NULL, NULL, 'Study in New Zealand', NULL, '1', '2019-01-21 04:29:42', '2019-02-04 15:25:40'),
(34, 'Study in USA', 'study-in-usa', 'USA', 'Main', 'Normal', 4, NULL, '<br />\r\n<span style=\"font-size:18px;\"><strong>USA as a Study Destination</strong></span><br />\r\nUnited States of America (USA) is top destination for international students for abroad study, because of world recognition to the degree offered by universities and colleges in USA. Not only does high quality education attract all the students around the world but also opportunities in USA does who think of abroad study; and become fist choice as study destination. Due to massive research works going in universities and other corporate organizations, opportunity is growing day by day in USA.<br />\r\n<br />\r\nAdditionally, American education systems afford the most comprehensive course modules with equal focus on theoretical and practical learning. Studying in US campus offers spellbinding campus life experience with numerous extracurricular activities to flourish students with strong communication, leadership and analytical skills. Hundreds of engineers, business students, lawyers, doctors get honed their knowledge and skills to compete in world job market. &nbsp;&nbsp;<br />\r\n&nbsp;<br />\r\n<span style=\"font-size:18px;\"><strong>USA as 1<sup>st</sup> Study Destination </strong></span><br />\r\n<strong>1. World recognized high quality education </strong><br />\r\nNo doubt the US universities offer highest-quality education over the world occupying more than 10 universities within world’s 20 top universities in QS world university rankings, Times Higher Education world ranking or in US-News World ranking.<br />\r\n&nbsp;<br />\r\n<strong>2. Wide range of programmes and courses </strong><br />\r\nThousands of universities and colleges in USA offer wide range of courses and programmes to the students. Engineering and business studies are most sought after programmes by Nepalese students. Because of large research works going on Biomedical and computational science, larger numbers of funding opportunities are available in these fields of studies.<br />\r\n&nbsp;<br />\r\n<strong>3. Flexible and comprehensive course structures</strong><br />\r\nUS educational system offers the most comprehensive course modules for students with equal emphasis on both practical and theoretical learning. Universities have flexible course syllabus according to your comfort and credit you want to do more with depth understanding. At graduate study, students are free to customize their course works according to the academic goals and area of academic interest.<br />\r\n&nbsp;<br />\r\n<strong>4. Multiple scholarship and funding opportunities </strong><br />\r\nThe US government is offering large number of scholarships and grants to international students to assist their educational cost and stay in USA. Because USA is the country with biggest research fund in the world, universities and institutions offer student research fund to assist not only their hone their research capability and thesis but also educational and living cost in USA through different Teaching Assistantship (TA) and Research Assistantship (RA) during study period. TA or RA opportunities offered by the university professors.&nbsp;<br />\r\n&nbsp;<br />\r\n<strong>5. Research and training opportunities </strong><br />\r\nUSA is top first country to invest largest funding amount in research which not only create opportunities to university graduates to fund their education during student life but also creates job opportunities after graduation. American universities are known to use latest technologies, research and techniques, and best equipments and resources to their students such that their students become capable of using technologies and carry out research independently.<br />\r\n&nbsp;<br />\r\n<strong>6. Work permit/post study work rights in USA</strong><br />\r\nInternational students are permitted to work to the best 20 hours during study period and more in the session break time. Once the students are graduated from the universities or colleges, they will have wide range of career opportunities in academia and industrial professions because of value of American educational value.<br />\r\n&nbsp;<br />\r\n<strong>7. Career opportunities</strong><br />\r\nUSA is already the land of opportunities while degree from US universities opens wide range of career prospects; additionally, degree from top universities broadens the opportunities even further more in international work places.<br />\r\n&nbsp;<br />\r\n<strong>Eligibility Criteria </strong><br />\r\nThe general criteria for US university application include some standard tests and English test.<br />\r\n<br />\r\n<strong>English language proficiency </strong><br />\r\nA recognized English language proficiency test is required to all the applicants. This test includes TOEFL (preferred in US universities and Colleges), IELTS (majority of US universities and colleges accept as English language test).\r\n<ul style=\"margin-left: 40px;\">\r\n	<li><strong>TOEFL as English Language Test:</strong> for undergraduate course, a minimum score of 80 (iBT); and while for Master and PhD study, test score of 90 or above is required.</li>\r\n	<li><strong>IELTS as English Language Test:</strong> minimum of 6.5 band score is required for undergraduate courses and for Master or PhD of score 7.0 or higher is required.</li>\r\n</ul>\r\n&nbsp;<br />\r\n<strong>Undergraduate Application requirements</strong>\r\n\r\n<ul style=\"margin-left: 40px;\">\r\n	<li>Higher school completed or 12 years of school education</li>\r\n	<li>Good academic background</li>\r\n	<li>Minimum TOEFL/ILETS/PTE academic test scores</li>\r\n	<li>Standardized Tests SAT, ACT scores</li>\r\n	<li>Online University application submission and application Fee</li>\r\n	<li>Letter of Recommendation (LOR)</li>\r\n	<li>Application Essays/Statement of Purpose (SOP)</li>\r\n	<li>Extra-curricular activities</li>\r\n	<li>Financial documents – affidavit of finance from sponsors(parents)</li>\r\n</ul>\r\n<br />\r\n<strong>Graduate/Masters Application Requirements</strong>\r\n\r\n<ul style=\"margin-left: 40px;\">\r\n	<li>Recognized UG degree or 16 years of education</li>\r\n	<li>Academic records of previous school</li>\r\n	<li>Strong academic background</li>\r\n	<li>Minimum TOEFL/IELTS/PTE academic test scores</li>\r\n	<li>Minimum GRE/GMAT test scores</li>\r\n	<li>Online application form and Application Fee</li>\r\n	<li>Strong Letter of Recommendation (LOR)</li>\r\n	<li>Strong Application Essays/Statement of Purpose (SOP)</li>\r\n	<li>Resume (some university accept CV too)</li>\r\n	<li>Work experience</li>\r\n</ul>\r\n<span style=\"font-size:16px;\">&nbsp;<br />\r\n<strong>Some scholarship webs: </strong></span>\r\n\r\n<ul style=\"margin-left: 40px;\">\r\n	<li><a href=\"http://www.educationusa.state.gov/\">www.educationusa.state.gov</a></li>\r\n	<li><a href=\"http://www.collegeboard.com/\">www.collegeboard.com</a></li>\r\n	<li><a href=\"http://www.edupass.com/\">www.edupass.com</a></li>\r\n	<li><a href=\"http://www.princetonreview.com/\">www.princetonreview.com</a></li>\r\n	<li><a href=\"http://www.collegeconfidential.com/\">www.collegeconfidential.com</a></li>\r\n	<li><a href=\"http://www.collegeprowler.com/\">www.collegeprowler.com</a></li>\r\n	<li><a href=\"http://www.collegestats.org/\">www.collegestats.org</a></li>\r\n</ul>\r\n<br />\r\n&nbsp;', 4, '1548224703_usa.png', NULL, '1549280213_usa-banner.jpg', NULL, NULL, NULL, 'Study in USA', NULL, '1', '2019-01-21 04:29:59', '2019-02-04 17:36:53');
INSERT INTO `navigations` (`id`, `nav_name`, `alias`, `caption`, `nav_category`, `page_type`, `position`, `short_content`, `long_content`, `parent_page_id`, `icon_image`, `icon_image_caption`, `banner_image`, `link`, `attachment`, `page_title`, `page_keyword`, `page_description`, `page_status`, `created_at`, `updated_at`) VALUES
(35, 'Study in UK', 'study-in-uk', 'UK', 'Main', 'Normal', 5, NULL, '<br />\r\n<span style=\"font-size:18px;\"><strong>Study in United Kingdom (UK) </strong></span><br />\r\nEngland, Scotland, Wales and Northern Ireland are parts of United Kingdom (UK) also known as Britain. UK has fairest legal system in the world with democratic norms and value. British people are one of the most highly developed civilization and culture after Japan. It has lots of monuments and attractions such as Tower of London, Buckingham Palace, Tower Bridge (also known as London Bridge). Nepalese are most respectful people among the people from different continents or sub-continents in Britain because of British Gurkha Regimen. For Nepalese student, UK is not far in the sense they won’t feel homesick because lots of Nepalese are there in UK and even you can have food of your taste as in your home.<br />\r\n<br />\r\nUK has world’s top universities like Cambridge University, Oxford University, King’s College London. Post Brexit time shows potential of immigrants and higher potential job market since massive flow of EU citizens to UK is now bottlenecked.<br />\r\n&nbsp;<br />\r\n<span style=\"font-size:18px;\"><strong>Why UK as study Destination </strong></span><br />\r\n<strong>1. Top ranked universities and educational system</strong><br />\r\nUK University or college degree is highly recognized in the world because of its high quality of teaching methodology and updated to current world technologies and methodologies. Universities and colleges have faculties with focused curricular activities sharpening their students’ skills and to make well prepared to world job market. Because of its high-quality educational system, UK has 4 Universities within top 10 Universities according to QS University rankings.<br />\r\n&nbsp;<br />\r\n<strong>2. World- leading Research </strong><br />\r\nUniversities in UK are research based and UK ranks third in innovation in the world recognized by Research Assessment Exercise (RAE) as ‘world-leading’ and ‘internationally excellent’. RAE is the body to monitor and assess the quality standards for research activities of colleges and universities.<br />\r\n&nbsp;<br />\r\n<strong>3. Highly advanced teaching methodology</strong><br />\r\nUniversities in UK provide students to learn independently and sharpen the analytical power of individuals which is reflected as star rating teaching methodology. UK Universities has advanced teaching methodologies and uses the advanced tools and techniques for learning practice.<br />\r\n&nbsp;<br />\r\n<strong>4. Wide varieties of course offers</strong><br />\r\nUK has Universities and colleges focusing both on theoretical and professional learning. Some of the universities and colleges are highly concentrated on professional skill development such as computing, accounting and marketing while some of universities are highly focused on theory and researches. UK universities are well recognized for both business studies like MBA or business administrations and technological study like computing, telecommunication, power studies; additionally, Universities and colleges has diverse course of study options.<br />\r\n&nbsp;<br />\r\n<strong>5. Lower educational cost </strong><br />\r\nOne of the important points to speak in high volume is lower cost of education for international students. US educations cost $30,000 in average while UK education costs £6,000 to £12,000 (equivalently $8,000 to $16,000 at most). Moreover UK degree has less time duration for completion compared to USA education system since UK has 3 terms (4 months each) in a year while USA has 2 terms (6 months each) in a year.<br />\r\n&nbsp;<br />\r\n<strong>6. Numerous scholarships and work opportunities </strong><br />\r\nUK universities and government have numerous scholarships and grants for international students. Over 20,000 international students get financial aid from UK government. Additionally, students can work when they are studying – up to 20 hours per week during study period and more in terms holidays.<br />\r\n&nbsp;<br />\r\n<strong>7. Life experience and cultural exploration </strong><br />\r\nStudying abroad is not only the equipping you with skills and knowledge but also exploring the cultures and lifestyle of the country you are studying. UK has worlds’ best transportation system in regards to public bus and train as transportation lines. Additionally, it has direct train lines to European Countries through sea-water – amazing technologies and development.<br />\r\n&nbsp;<br />\r\n<br />\r\n<span style=\"font-size:16px;\"><strong>Top courses that UK Universities offers</strong></span>\r\n<ul style=\"margin-left: 40px;\">\r\n	<li>Accounting and finance</li>\r\n	<li>Aeronautical &amp; manufacturing Engineering</li>\r\n	<li>Architecture</li>\r\n	<li>Computer Science</li>\r\n	<li>Economics</li>\r\n	<li>Marketing</li>\r\n	<li>Food and beverage</li>\r\n	<li>Hospitality, Leisure, and Tourism</li>\r\n	<li>Electrical and Electronics Engineering &nbsp;&nbsp;</li>\r\n</ul>\r\n&nbsp;<br />\r\n<strong>Undergraduate Courses in UK </strong><br />\r\nAll the applicants to UK universities are required to apply through Universities and Colleges Admission Service (UCAS) – a centralized body for admission and placements. Once you are accepted from UCAS, you are eligible to apply 5 different courses in UCAS recognized universities or colleges with flexibility of 5 different courses to a university or 5 different universities for a courses.<br />\r\n&nbsp;<br />\r\n<strong>Masters in UK </strong><br />\r\nUnlike undergraduate study, masters’ degree has not centralized application system as UCAS for undergraduate applications. UK universities has multiple of entry time in a year depending up on universities. Generally, international students have application deadline earlier than home students of EU students.&nbsp;<br />\r\n&nbsp;<br />\r\n&nbsp;', 4, '1548224720_uk.jpg', NULL, '1549273998_uk-banner.jpg', NULL, NULL, NULL, 'Study in UK', NULL, '1', '2019-01-21 04:30:13', '2019-02-04 15:53:18'),
(36, 'Study in Ireland', 'study-in-ireland', 'Ireland', 'Main', 'Normal', 6, NULL, '<br />\r\n<span style=\"font-size:18px;\"><strong>Ireland as a Study Destination</strong></span><br />\r\nIreland is rich in culture with traditions deep-rooted historically. Ireland provides one of the top educations in Europe. It is famous as the land of leprechauns, castles, warriors, elves, and balladeers. Higher education in Ireland includes university education, colleges and instituted to provide wide range of education. Institutions in Ireland cover wide range of vocational programmes in hospitality, healthcare, media, textiles, etc. statistics shows that international student in Ireland is increasing every year. Cultures in Ireland are one of the highly developed and civilized; so, warmest people in the world.<br />\r\n&nbsp;<br />\r\nFollowing are the reasons to select Ireland as your next land for higher education which could contribute in your career path; and these justifies Ireland as your choice of study destination.&nbsp;<br />\r\n<br />\r\n<strong>1. World-class universities in Ireland </strong><br />\r\nIreland has world’s top universities recognized all over the world. Ireland education system focuses on heuristic methodology of education. Huge amount of investment in education and research makes the universities in Ireland world-ranked. Ireland has educational quality and links parallel to UK and USA universities.<br />\r\n<br />\r\n<strong>2. High quality research </strong><br />\r\nIreland has thousands of dollar investment annually in research in their higher education; which ultimately grows their universities as top research universities in the field of natural science, social science and humanities in the world.<br />\r\n<br />\r\n<strong>3. Great opportunities for industrial exposure and Post Study Work</strong><br />\r\nUndergraduate or higher level of study students in Ireland has work opportunity during study period up to 20 hours per week while more than 20 hours in holidays. High skilled English speaking manpower are highly demanding in Ireland and so student has great opportunities to tie up industries at both study and post study time. After completion of Bachelor’s degree study or above, student could have Post-Study work permit; under which student may remain in Ireland after their study. In Post Study work, a student can stay and work full time up to 24 months.<br />\r\n<br />\r\n<strong>4. Home to world’s leading companies</strong><br />\r\nIreland is second hub for world’s leading companies after Singapore. Ireland has 9 out of 10 EU pharmaceuticals operating as main office; which implies greater opportunities for job after your college or university education.<br />\r\n<br />\r\n<strong>5. Affordable education and accommodation </strong>&nbsp;&nbsp;&nbsp;<br />\r\nUniversities and colleges in Ireland have lesser tuition fee and cost of living compared to US and UK study stay. Another financial benefit is shorter period of stay that is most degree programme has one year long which reduces the living cost.<br />\r\n<br />\r\n<strong>6. Friendly and safe for international students </strong><br />\r\nAs quoted by Lonely Planet, Ireland is the friendliest country in the world. Ireland people are world renowned friendly. People in Ireland are highly civilized in terms of culture.<br />\r\n<br />\r\n<strong>7. Plenty of scholarship </strong><br />\r\nIreland governments and educational institutions – universities and colleges – in Ireland have various scholarships for international students depending upon your study of subjects. Majority of the programmes offer scholarship and funding opportunities to their students. &nbsp;<br />\r\n&nbsp;<br />\r\n<span style=\"font-size:18px;\"><strong>Education in Ireland</strong></span><br />\r\nThere are four types of educational certification in Ireland.<br />\r\n<br />\r\n<strong>Non-University Level</strong>\r\n<ul style=\"margin-left: 40px;\">\r\n	<li>Two-years of certification</li>\r\n	<li>Three-years of Diploma</li>\r\n</ul>\r\n<strong>University Level </strong>\r\n\r\n<ul style=\"margin-left: 40px;\">\r\n	<li>Bachelors Degree</li>\r\n	<li>Bachelor’s Degree (Honours)</li>\r\n	<li>Higher Diploma</li>\r\n</ul>\r\n<strong>Master’s degree</strong>\r\n\r\n<ul style=\"margin-left: 40px;\">\r\n	<li>Post-graduate Diploma</li>\r\n</ul>\r\n<br />\r\n<strong>Top universities in Ireland</strong><br />\r\nIreland has top universities in the field of study chemistry and Nanotechnology, agriculture science and mathematics. Students could have broad range of courses over 5’000 programmes recognized internationally.&nbsp;<br />\r\n<br />\r\n<strong>Top universities in Ireland </strong>\r\n\r\n<ol style=\"margin-left: 40px;\">\r\n	<li>Trinity College Dublin and University of Dublin</li>\r\n	<li>University College Cork</li>\r\n	<li>University College Dublin</li>\r\n	<li>Dublin City University</li>\r\n	<li>University of Limerick</li>\r\n	<li>National University of Ireland, Galway</li>\r\n	<li>Dublin Institute of Technology</li>\r\n	<li>National University of Ireland, Maynooth</li>\r\n	<li>Royal College of Surgeons in Ireland</li>\r\n	<li>Cork Institute of Technology</li>\r\n</ol>\r\n&nbsp;<br />\r\n<strong>Study in Ireland: When and How to Apply </strong><br />\r\nIreland has centralized admission process for all the universities and colleges named Central Application Office (CAO). But for post-graduate courses, students directly apply to the chosen universities. Followings are some of the popular courses in Universities or colleges in Ireland:\r\n<ul style=\"margin-left: 40px;\">\r\n	<li>Arts and literature</li>\r\n	<li>Information technology</li>\r\n	<li>Management</li>\r\n	<li>History</li>\r\n	<li>Engineering</li>\r\n	<li>Biotechnology and Pharmacy</li>\r\n	<li>Applied Science and Hospitality</li>\r\n</ul>\r\n&nbsp;<br />\r\n<strong>English requirements</strong>:<br />\r\nMost universities in Ireland need IELTS score of 6.5 or higher for UG and above. Universities can also accept PTE Academic score of 51-58 for UG and 59-64 for Post graduate (PG); while TOEFL iBT of minimum of 90.&nbsp;<br />\r\n<br />\r\n<strong>Eligibility for undergraduate </strong>\r\n\r\n<ul style=\"margin-left: 40px;\">\r\n	<li>Majority of university require 12 years of secondary education, your academic credentials are most important though.</li>\r\n	<li>Minimal aggregate of 65% or above in 12<sup>th</sup> grade is required.</li>\r\n	<li>Minimum IELTS band score as requested by your University</li>\r\n</ul>\r\n<strong>Eligibility for Post Graduate&nbsp; </strong>\r\n\r\n<ul style=\"margin-left: 40px;\">\r\n	<li>For Master’s study, Ireland universities requires Bachelor’s equivalent which is 16 years of formal education.</li>\r\n	<li>Minimum IELTS/PTE Academic scores</li>\r\n	<li>Relevant work experience in case of MBA programme.&nbsp;</li>\r\n</ul>\r\n<br />\r\n<strong>Visa requirements for International Students</strong><br />\r\nOnce you have decision that you will study in Ireland, you should get student visa to enter and study in Ireland. For the visa grant, one should complete the following requirements:\r\n<ul style=\"margin-left: 40px;\">\r\n	<li>Acceptance letter from Irish educational institution with confirmation of your enrollment as full time student</li>\r\n	<li>Duly completed and signed application form, with two passport-size photographs.</li>\r\n	<li>You will have to pay non refundable visa application fee</li>\r\n	<li>Evidence of scholarship if any</li>\r\n	<li>Evidence of sufficient fund to support study and living for one year which is € 7,000.</li>\r\n	<li>Official English language test score as required by your institution&nbsp;&nbsp;&nbsp;</li>\r\n	<li>A private medical insurance</li>\r\n</ul>\r\n&nbsp;<br />\r\n&nbsp;', 4, '1548224732_ireland.jpg', NULL, '1549274743_Dublin-1400x500.jpg', NULL, NULL, NULL, 'Study in Ireland', NULL, '1', '2019-01-21 04:30:30', '2019-02-04 16:05:43'),
(37, 'Study in Germany', 'study-in-germany', 'Germany', 'Main', 'Normal', 7, NULL, '<br />\r\n<span style=\"font-size:18px;\"><strong>Study Destination Germany&nbsp;</strong></span><br />\r\nGermany is pioneer in technological innovation and scientific explore with high quality products and educations. Being industrial hub for world, it has high employment prospects. It is 3<sup>rd</sup> most popular study destination among the international students over the world and obviously quality education at no cost. More than 3,00,000 international students are studying in Germany with unique blend of cultures, high standard living.<br />\r\n&nbsp;<br />\r\n<span style=\"font-size:18px;\"><strong>Why Germany as Educational Destination </strong></span>&nbsp;<br />\r\n<strong>1. High Quality Education for no Cost at all </strong><br />\r\nOutstandingly, one can think “there is no such thing as a free lunch” but German education system has. So, public universities in Germany offer high quality education for free not only for domestic students but also for international students. German education is highly qualitative and widely accepted across the world. German Universities are highly research based. &nbsp;&nbsp;<br />\r\n&nbsp;<br />\r\n<strong>2. World’s Fourth Largest Economy </strong><br />\r\nGerman is the largest economy in European Union (EU) and forth largest in the world after USA, China and Japan. Innovations and global networking are keys to lead the Germany to this position of Global economy.<br />\r\n&nbsp;<br />\r\n<strong>3. Numerous Scholarship Programmes</strong><br />\r\nGerman government offers numbers scholarship programmes and financial aid which could assist students’ accommodation. This is because the German government believes international students are supposed to contribute in knowledge during the university study.<br />\r\n&nbsp;<br />\r\n<strong>4. Excellent Employment Prospects as Global industrial Hub</strong><br />\r\nForeign students are allowed to work in Germeny at institutes, library or other facilities in the campus under employment law; for violation of employment laws, student could be debarred to respective country. Studying in Germany has excellent career prospects as universities and institutions have a partnership with multinational companies. Most multinational companies have presence in the country – creating limitless career opportunities after the completion of studies. &nbsp;<br />\r\n<br />\r\n<strong>5. A Safe and Welcoming Environment</strong><br />\r\nAmicable and highly disciplined people in Germany make lower crime rate and safest countries in the world. In addition to that, the country has best support service to the international students.<br />\r\n&nbsp;<br />\r\n<strong>6. Easy of Visa Acquisition and Residency </strong><br />\r\nThe government of German has large investment in both quality of education and infrastructure to attract international students – eventually highest percentage of investment to make free education. International students are permitted to stay in Germany for a period of 18 months once they completed the study – during the period they are eligible for full time job.<br />\r\n&nbsp;<br />\r\n<strong>7. World’s biggest country for Engineering and Research based Programmes </strong><br />\r\nGermany universities are known for its high quality engineering degree with diverse courses – more than 3500 engineering courses and<br />\r\n&nbsp;<br />\r\n<strong>Eligibility Criteria</strong><br />\r\nDifferent German University has different admission requirements depending up on their own courses and programmes. Certain universities in Germany require German language skill as admission requirements; however, knowledge of German language is beneficent for easy living. When universities ask for German language skill test, students are required to take DSH, TestDaF or GDS to submit as proficiency certificate.<br />\r\n&nbsp;<br />\r\n<strong>English Language Proficiency </strong><br />\r\nAll international applicants are required to take recognized IELTS/TOEFL as English proficiency test. In case of IELTS test, 6.5 band score is required, and for TOEFL score more than 80 is required.<br />\r\n<br />\r\n<strong>Undergraduate requirements</strong>\r\n<ul style=\"margin-left: 40px;\">\r\n	<li>High school education or 13 years of education is essential.</li>\r\n	<li>Good academic record in +2 level.</li>\r\n	<li>Some of the universities may ask for SAT scores.</li>\r\n</ul>\r\n<br />\r\n<strong>Post-graduate requirement </strong>\r\n\r\n<ul style=\"margin-left: 40px;\">\r\n	<li>Recognized undergraduate degree or 16 years of education is required to enroll in post graduate level, while some of the universities accept 3 years bachelors or undergraduate degree.</li>\r\n	<li>Strong academic background in most recent programmes.</li>\r\n	<li>Minimum of 2 years work experience might required for MBA programme in certain Universities.</li>\r\n	<li>Though GRE/GMAT is optional some of the universities recommend for the tests.&nbsp;</li>\r\n</ul>\r\n&nbsp;<br />\r\n<strong>Document Checklist for Different Level of Study</strong><br />\r\n<strong>Bachelors in Germany: </strong>\r\n\r\n<ol style=\"margin-left: 40px;\">\r\n	<li>Notarized copies of class 10<sup>th</sup> and 12<sup>th</sup> mark sheet, and certificates.</li>\r\n	<li>IELTS (notarized) or TOEFL score</li>\r\n	<li>Notarized copy of Passport.</li>\r\n	<li>One letter of recommendation from previous school.</li>\r\n	<li>Statement of purpose (SOP).</li>\r\n</ol>\r\n<strong>Masters in Germany:</strong>\r\n\r\n<ol style=\"margin-left: 40px;\">\r\n	<li>Notarized copy mark-sheets all previous schools.</li>\r\n	<li>Official transcripts</li>\r\n	<li>Application form and application Fee.</li>\r\n	<li>IELTS (notarized) or TOEFL scores.&nbsp;</li>\r\n	<li>GRE or GMAT scores if university requires.</li>\r\n	<li>Two letter of recommendation from university or college</li>\r\n	<li>Work experience (if any)</li>\r\n	<li>Statement of purpose (SOP)</li>\r\n	<li>Notarized copy of passport</li>\r\n	<li>Extracurricular activities certificates.</li>\r\n</ol>\r\n&nbsp;<br />\r\n<strong>List of top Universities according QS rankings (2019)</strong>\r\n\r\n<ol style=\"margin-left: 40px;\">\r\n	<li>Technical University of Munich (#61)</li>\r\n	<li>Ludwig-Maximulians- Universitat (#62)</li>\r\n	<li>Ruprecht-Karls-Universitat (#64)</li>\r\n	<li>KIT, Karlsruhe Institute of Telecommunication (#116)</li>\r\n	<li>Humboldt – Universitat Zu Berlin (#121)</li>\r\n	<li>Freie Universitaet Berlin (#130)</li>\r\n	<li>RWTH Aachen University (#144)</li>\r\n	<li>Technische Universitat Berlin (#147)</li>\r\n	<li>Eberhard Karls Universitat Tub (#168)</li>\r\n	<li>Albert-Ludwigs-Universitaet Fr (#186)</li>\r\n	<li>Technische Universitat Dresden (#191)</li>\r\n</ol>', 4, '1548224749_german.jpg', NULL, '1549274958_banner-dresden2.jpg', NULL, NULL, NULL, 'Study in Germany', NULL, '1', '2019-01-21 04:30:47', '2019-02-13 11:33:12'),
(38, 'Study in India', 'study-in-india', 'India', 'Main', 'Normal', 8, NULL, '<br />\r\n<span style=\"font-size:18px;\"><strong>Study Destination India&nbsp;</strong></span><br />\r\nIn recent decade, Indian Universities and Colleges are one of the study destinations for thousands of students for lower cost of education and living cost. Fastest growing economy and growing universities in India is one of the most attractive things to Nepalese students to turn their dream into true. MBBS, Nursing and Engineering programmes in Indian Universities or Colleges are fascinating subjects of study for Nepalese students.<br />\r\n&nbsp;<br />\r\n<span style=\"font-size:16px;\"><strong>Why India as study Destination </strong></span><br />\r\n<strong>1. Lots of scholarship for Nepalese students from Indian Government</strong><br />\r\nAlong with closest diplomatic and geographic relation to India, thousands of Nepalese students are awarded hundreds of different scholarships to support study in Indian Universities and Colleges. Each year, thousands of Nepalese students are awarded by Indian government through Indian Embassy Nepal. So, thousands of Nepalese students are most welcome in Indian Universities in different states of India.<br />\r\n&nbsp;<br />\r\n<strong>2. Diverse course choices </strong><br />\r\nHundreds of Universities and colleges in India are offering programmes as offered around the globe to product skilled manpower to global market. India universities and colleges have diverse course options big universities such as IIT, MIT, NIT in different states of India. Nepalese students are fascinated to medical science such as MBBS, Nursing and Pharmacy programmes and Engineering programmes such as Electrical, Civil, Mechanical, Electronics and Communication Engineering in Indian Universities and colleges.<br />\r\n&nbsp;<br />\r\n<strong>3. Lots of multinational companies </strong><br />\r\nWith the establishment of different multinational companies such as IBM, Google, Qualcomm, Micro-Soft in different city of India, there is huge consumption of technical persons such as computer engineering, electronics engineering or electrical engineering. So, for a student studying in different engineering subjects in Indian Universities and colleges is one of the opportunities to explore their potential and making career in multinational companies. &nbsp;<br />\r\n&nbsp;<br />\r\n<strong>4. Placement facilities </strong><br />\r\nWith the presence of multinational companies in different cities of India, there is growth of placement opportunities for students in Universities or colleges. So, most of the technical students in Indian institutes get placement to IBM, Google, Qualcomm etc. even from 6<sup>th</sup> or 7<sup>th</sup> semester and starts their career in multinational companies.<br />\r\n&nbsp;<br />\r\n<strong>5. Fastest growing world economy</strong><br />\r\nBeing India is fastest growing economy in the world; it consumes large numbers of skilled manpower in medical science, computer science or other engineering fields. So, both undergraduate and graduate student has huge opportunities in India to start dream career.<br />\r\n&nbsp;<br />\r\n<strong>6. Massive growth in research activities </strong><br />\r\nStudents must have knowledge of how much research activities are conducting in the field of subject they want to enroll. They must understand that higher the research activities higher the opportunities grow their career in that particular subject area. Since Indian government and agencies are investing larger amount to research, there is higher chance of career growth.<br />\r\n&nbsp;<br />\r\n<strong>7. Shared cultural and life style</strong><br />\r\nIndia and Nepal not only shares boarder pillars but also cultures and life style. Because of these shared cultural values and lifestyle, Nepalese students could have easy life in India. Moreover, because of especial diplomatic relation between Nepal and India, travel is easier compared to other countries.<br />\r\n&nbsp;<br />\r\n<strong>Some top ranked Universities in India by QS University Rankings (2019)</strong>\r\n<ol style=\"margin-left: 40px;\">\r\n	<li>Indian Institute of Technology (#162)</li>\r\n	<li>Indian Institute of Science (#170)</li>\r\n	<li>Indian Institute of Technology (#172)</li>\r\n	<li>Indian Institute of Technology (#264)</li>\r\n	<li>Indian Institute of Technology (#283)</li>\r\n	<li>Indian Institute of Technology (#295)</li>\r\n	<li>University of Delhi (#487)</li>\r\n	<li>University of Mumbai</li>\r\n	<li>University of Calcutta</li>\r\n	<li>Vellore Institute of Technology</li>\r\n</ol>', 4, '1548224766_india.jpg', NULL, '1549279730_bangalore-preset3.jpg', NULL, NULL, NULL, 'Study in India', NULL, '1', '2019-01-21 04:31:09', '2019-02-04 17:28:50'),
(39, 'Study in South Korea', 'study-in-south-korea', 'South Korea', 'Main', 'Normal', 9, NULL, '<br />\r\n<span style=\"font-size:18px;\"><strong>Study in South Korea</strong></span><br />\r\nEducation is highly competitive and lower cost education in comparison to that English speaking country. Korea is ranked 1<sup>st</sup> in the study of information and communication technology by international telecommunication union (ITU). Additionally, Recently, Korean government has increased the number of scholarship to foreign student. For international students, classes are English medium and Korean language courses are also available.<br />\r\n<br />\r\nWithin last 5 years number of international graduate student in Korean university has been risen up drastically. According to April 2016, as indicated by the government of Korea, roughly 104,000 international students are studying in Korea, among which 63,000 students are in the graduate programme; and for international students, 30% of the courses in Korea is taught in English medium as instructors’ language. Korea is safe and comfortable resident with great weather and nature and high standard of living.<br />\r\n<br />\r\nGenerally, Korean University has two intakes namely fall – run May to June and spring – runs between September to November. Korean colleges accept 2-3 years of study after higher secondary or +2 equivalent while 4-6 years of undergraduate course in Universities. Master’s level of study is 2 years of study, and while PhD is at least 2 years course. Korean government provides two types of study visa for international students; D-2 is required by the international student to study regular courses in Korean institute while D-4 visa is required to study Korean language courses in Korean universities. One who wants to study in Korea has to apply for a certificate of visa issuance approval to competent immigration office; once is used by the Korean consulate to issue Korean visa.<br />\r\n&nbsp;<br />\r\n<strong>Education system in South Korea</strong><br />\r\nThe Korean education is a single-track system, with 6 years of elementary school, 3 years of middle school and 3 years of high school which equivalent +2 in Nepal. After 3 years of high school education, students are eligible to study in 4 years undergraduate university education.<br />\r\n&nbsp;<br />\r\n<strong>Some top Universities (QS World University Rankings - 2019) </strong>\r\n<ol style=\"margin-left: 40px;\">\r\n	<li>Seoul National University (#36)</li>\r\n	<li>Korea Advanced Institute of Science &amp; Technology (KAIST) (#40)</li>\r\n	<li>Pohang University of Science and Technology (POSTECH) (#83)</li>\r\n	<li>Korea University (#86)</li>\r\n	<li>Sungkyunkwan University (#100)</li>\r\n	<li>Yonsei University (#107)</li>\r\n	<li>Hanyang University (#151)</li>\r\n	<li>Kyung Hee University (#264)</li>\r\n	<li>Gwangju Institute of Science and Technology (#339)</li>\r\n	<li>Chung-Ang University (#397)</li>\r\n</ol>', 4, '1548585549_south-korea.jpg', NULL, '1549276187_SK-Banner.jpg', NULL, NULL, NULL, 'Study in South Korea', NULL, '1', '2019-01-21 04:31:27', '2019-02-04 16:29:47'),
(40, 'Top Header Contact', 'top-header-contact', 'Top Header Contact', 'Others', 'Group', 1, NULL, NULL, 0, NULL, NULL, NULL, NULL, NULL, NULL, 'Top Header Contact', NULL, '1', '2019-01-21 05:26:01', '2019-01-21 05:26:47'),
(41, 'Phone', 'phone', 'phone-square', 'Others', 'Normal', 1, '01-4010626, 01-5900678', NULL, 40, NULL, NULL, NULL, NULL, NULL, NULL, 'Phone', NULL, '1', '2019-01-21 23:10:00', '2019-01-24 11:19:43'),
(42, 'Email', 'email', 'envelope', 'Others', 'Link', 2, 'inquiry@easylink.edu.np', NULL, 40, NULL, NULL, NULL, 'mailto:inquiry@easylink.edu.np', NULL, NULL, 'Email', NULL, '1', '2019-01-21 23:11:11', '2019-01-31 11:52:21'),
(43, 'Home Banner', 'home-banner', 'Home Banner', 'Others', 'Slider', 3, NULL, NULL, 0, NULL, NULL, NULL, NULL, NULL, NULL, 'Home Banner', NULL, '1', '2019-01-21 23:12:20', '2019-01-21 23:12:20'),
(44, 'Facebook', 'facebook', 'Facebook', 'SNS', 'Link', 1, NULL, NULL, 0, NULL, NULL, NULL, 'https://www.facebook.com/EasyLinkCareer/', NULL, NULL, 'Facebook', NULL, '1', '2019-01-21 23:39:09', '2019-01-27 13:22:37'),
(45, 'Twitter', 'twitter', 'Twitter', 'SNS', 'Link', 2, NULL, NULL, 0, NULL, NULL, NULL, 'www.twitter.com', NULL, NULL, 'Twitter', NULL, '1', '2019-01-21 23:39:42', '2019-01-22 09:02:56'),
(46, 'Youtube', 'youtube', 'Youtube', 'SNS', 'Link', 3, NULL, NULL, 0, NULL, NULL, NULL, 'www.youtube.com', NULL, NULL, 'Youtube', NULL, '1', '2019-01-21 23:40:17', '2019-01-22 09:03:06'),
(48, 'Abroad Study Procedure', 'abroad-study-procedure', 'Abroad Study Procedure', 'Others', 'Group', 4, NULL, NULL, 0, NULL, NULL, NULL, NULL, NULL, NULL, 'Abroad Study Procedure', NULL, '1', '2019-01-22 09:06:39', '2019-01-22 09:06:39'),
(49, 'Upcoming Events', 'upcoming-events', 'Upcoming Events', 'Others', 'Group', 5, NULL, NULL, 0, NULL, NULL, NULL, NULL, NULL, NULL, 'Upcoming Events', NULL, '1', '2019-01-22 09:07:19', '2019-01-22 09:07:19'),
(50, 'What People Say', 'what-people-say', 'What Students Say', 'Others', 'Group', 6, NULL, NULL, 0, NULL, NULL, NULL, NULL, NULL, NULL, 'What People Say', NULL, '1', '2019-01-22 09:08:01', '2019-02-12 16:18:10'),
(51, 'Rochan Hayu', 'rochan-hayu', 'Australia - Sydney', 'Others', 'Normal', 1, '“Team of expertise with valued knowledge of global economy and technology always has better results than average expectation. I am pretty much sure that EasyLink Career team turns the dream of quality education with in abroad into true because of its team dedication. My Australia study inspirations are team member in EasyLink Career.”', NULL, 50, '1548238256_What people say - RochanHayu.jpg', NULL, NULL, NULL, NULL, NULL, 'Rochan Hayu', NULL, '1', '2019-01-22 09:11:02', '2019-01-23 04:25:56'),
(52, 'Sandhya Koirala', 'sandhya-koirala', '...', 'Others', 'Normal', 2, '“Diagnosis of individual cases for each student’s interest, previous academic record, and his/her potentials makes each case into successful landing. This very great attitude of working team member in EasyLink could land always you into right educational destination.”', NULL, 50, '1548238302_What people say - Shandya Koirala.jpg', NULL, NULL, NULL, NULL, NULL, 'Sandhya Koirala', NULL, '1', '2019-01-22 09:12:20', '2019-01-23 04:29:27'),
(54, 'Events One', 'events-one', 'Events One', 'Others', 'Normal', 1, 'For most of us, the idea of astronomy is something we directly connect to “stargazing”, telescopes and seeing magnificent displays in the heavens.', NULL, 49, '1548173929_e1.jpg', NULL, NULL, NULL, NULL, NULL, 'Events One', NULL, '1', '2019-01-22 10:33:49', '2019-01-22 10:33:49'),
(55, 'Events Two', 'events-two', 'Events Two', 'Others', 'Normal', 2, 'For most of us, the idea of astronomy is something we directly connect to “stargazing”, telescopes and seeing magnificent displays in the heavens.', NULL, 49, '1548174171_e2.jpg', NULL, NULL, NULL, NULL, NULL, 'Events Two', NULL, '1', '2019-01-22 10:37:51', '2019-01-22 10:37:51'),
(56, 'Career Counseling', 'career-counseling2', 'Career Counselling', 'Others', 'Normal', 1, 'It is the key step or main turning point of your career path and your future if you are looking for study abroad after you high school education (+2).', '<br />\r\nThis is not the major step for the students who are looking for bachelors study or higher degree. But it is the key step or main turning point of your career path and your future if you are looking for study abroad after you high school education (+2). Our expertise will explain different field studies and its major impact in socio-economic changes and upcoming major advancements in technologies and socio-economics. Knowledge of advancement in socio-economic and technologies will help you to find the best possible future job markets when you come out from you study to the world job market. This is particularly focused to students after +2 since most of the students are puzzling to find the best career path and career destination. We are aware of ineffective career selection by the student after high school education.<br />\r\n&nbsp;', 48, '1548227112_1.jpg', '1', NULL, NULL, NULL, NULL, 'Career Counselling', NULL, '1', '2019-01-23 01:19:07', '2019-01-31 12:10:03'),
(57, 'Set study destination country', 'set-study-destination-country', 'Set study destination country', 'Others', 'Normal', 2, 'We will guide you for the selection of study destination according to your choice of career path too.', '<br />\r\nThis is the first step once you have considered the abroad study in your mind. We will guide you for the selection of study destination according to your choice of career path too. Because, there are different impact and value of courses of different subjects in different countries. For example; study of studying biomedical engineering in USA has highest value, studying computer application in Australia has better value.', 48, '1548227147_2.jpg', '2', NULL, NULL, NULL, NULL, 'Set study destination country', NULL, '1', '2019-01-23 01:20:47', '2019-01-31 12:10:37'),
(58, 'University or college selection', 'university-or-college-selection', 'University or college selection', 'Others', 'Normal', 3, 'Depending up on your academic performance and your study interest area, we recommend different universities and colleges within the country you selected as study destination.', '<br />\r\nAnother major step is university or colleges selection for students after higher school education; this is kind of dilemma for the students. Depending up on your academic performance and your study interest area, we recommend different universities and colleges within the country you selected as study destination. Depending up on the university or college you selected our respective education counselor will help you note down standardized test such as IELTS/TOEFL/PET/SAT etc.<br />\r\n&nbsp;', 48, '1548237143_1.jpg', '3', NULL, NULL, NULL, NULL, 'University or college selection', NULL, '1', '2019-01-23 01:21:29', '2019-01-31 12:11:43'),
(59, 'Documentation', 'documentation', 'Documentation', 'Others', 'Normal', 4, 'Our documentation officer will assist you to get the documents such as SOP, LOR, Resume etc. through workshops', '<br />\r\nThis could be the hectic job for student to get documents other than academic; so, our documentation officer will assist you to get the documents such as SOP, LOR, Resume etc. through workshops; we will give the information how to get financial documents and property evaluations. Depending up on the country of study and university or colleges, you could have to submit different documents; accordingly, our documentation officer will assist you what are the documents to be prepared and to be submitted.<br />\r\n&nbsp;', 48, '1548227237_4.jpg', '4', NULL, NULL, NULL, NULL, 'Documentation', NULL, '1', '2019-01-23 01:22:17', '2019-01-31 12:12:47'),
(60, 'Application Submission', 'application-submission', 'Application Submission', 'Others', 'Normal', 5, 'Once you are ready in documentation, we will assist you to submit your application form to the universities or colleges of your choice.', '<br />\r\nOnce you are ready in documentation, we will assist you to submit your application form to the universities or colleges of your choice. Most of the student need help because of unfamiliar words and some immigration related words to be filed up in the university admission application forms. Accepted students will get admission letter as soon as possible through EasyLink.<br />\r\n&nbsp;', 48, '1548227306_5.jpg', '5', NULL, NULL, NULL, NULL, 'Application Submission', NULL, '1', '2019-01-23 01:23:26', '2019-01-31 12:15:24'),
(61, 'Tuition Fee', 'tuition-fee', 'Tuition Fee', 'Others', 'Normal', 6, 'We will do our best to help the student pay the tuition fee and make our best effort for the reduction of tuition fee from the colleges and universities we are working with.', '<br />\r\nGenerally, students are asked to pay one year tuition fee by different universities or colleges. We will do our best to help the student pay the tuition fee and make our best effort for the reduction of tuition fee from the colleges and universities we are working with.&nbsp;<br />\r\n&nbsp;', 48, '1548237616_4.jpg', '6', NULL, NULL, NULL, NULL, 'Tuition Fee', NULL, '1', '2019-01-23 01:24:01', '2019-01-31 12:16:39'),
(62, 'Medical Examination', 'medical-examination', 'Medical Examination', 'Others', 'Normal', 7, 'Medical examination is not mandatory for all the abroad destinations; however you may have medical examination at the port of entry or immigration.', '<br />\r\nMedical examination is not mandatory for all the abroad destinations; however you may have medical examination at the port of entry or immigration. But, some countries such as Australia, New Zealand may need so medical examination certificates. Students are not to be perplexed about the medical examination. It is simply a medical test to make sure you have not communicable disease at the time of entry at immigration.&nbsp;<br />\r\n&nbsp;', 48, '1548227366_7.jpg', '7', NULL, NULL, NULL, NULL, 'Medical Examination', NULL, '1', '2019-01-23 01:24:26', '2019-01-31 12:19:13'),
(63, 'Visa Application', 'visa-application', 'Visa Application', 'Others', 'Normal', 8, 'Our visa assistant officer will assist the student to fill up and submit the visa application form.', '<br />\r\nOur visa assistant officer will assist the student to fill up and submit the visa application form. We also assist the students to make ready for potential visa interview with different workshop and leadership trainings. Visa application is another moment where students get puzzled because of some immigration related terminologies; so, our visa and documentation offers assist students making visa application job as easy as possible. Depending up on the country you are applying for study visa or permission, it could have different terminology for study permit document either student visa or entry permit, so our visa assistant officer will assist our student either to apply entry permit or study permit.&nbsp;<br />\r\n&nbsp;', 48, '1548328409_1548227471_9.jpg', '8', NULL, NULL, NULL, NULL, 'Visa Application', NULL, '1', '2019-01-23 01:24:53', '2019-01-31 12:27:26'),
(64, 'Visa Grant', 'visa-grant', 'Visa Grant', 'Others', 'Normal', 9, 'Depending up on the countries and immigration, different country has different travel documents or entry permission documents.', '<br />\r\nThis is the turning point which decide the student if you are granted for foreign study. Depending up on the countries and immigration, different country has different travel documents or entry permission documents. In Canada, students are required to get eTA sometime and visitor’s visa sometimes. For Nepalese student, visitor’s visa is needed.<br />\r\n&nbsp;', 48, '1548227471_9.jpg', '9', NULL, NULL, NULL, NULL, 'Visa Grant', NULL, '1', '2019-01-23 01:26:11', '2019-01-31 12:23:27'),
(65, 'Pre – Departure', 'pre-departure', 'Pre – Departure', 'Others', 'Normal', 10, 'Once the student get study permit or student visa from the corresponding country of choice, students should prepare for departure and arrival in the corresponding country.', '<br />\r\nOnce the student get study permit or student visa from the corresponding country of choice, students should prepare for departure and arrival in the corresponding country. We will have different session for the students to give information on living life, cultural values in abroad.<br />\r\n&nbsp;', 48, '1548237321_2.jpg', '10', NULL, NULL, NULL, NULL, 'Pre – Departure', NULL, '1', '2019-01-23 01:26:40', '2019-01-31 12:34:00'),
(66, 'Travel and Accommodation', 'travel-and-accommodation', 'Travel and Accommodation', 'Others', 'Normal', 11, 'Our service partners will help the students to get travel tickets and necessary foreign exchanges, travel insurance etc.', '<br />\r\nOur service partners will help the students to get travel tickets and necessary foreign exchanges, travel insurance etc. We also assist student for accomodation at the destination countries where we have our branch offices. Generally, we advise student to get accomodation provided by the university or college they are starting their study becuase college or university housing service will have best study environment and time saving for students.&nbsp;<br />\r\n&nbsp;', 48, '1548237375_10.jpg', '11', NULL, NULL, NULL, NULL, 'Travel and Accommodation', NULL, '1', '2019-01-23 01:27:13', '2019-01-31 16:52:34'),
(67, 'Message From CEO', 'message-from-ceo', 'Message From CEO', 'Main', 'Normal', 2, NULL, 'No sooner had information technology been introduced than every perspective of global advancement came to common ground following common standards. Education is the one to come into common ground and degree from the renowned university located in any corner of the world is recognized anywhere in the world. Additionally, globalization introduced the multinational companies with common economic ground and so the multicultural workplace which ultimately necessitated global workforces. Hence, international education in multicultural environment is attractive everywhere around the world.<br />\r\nAnd Yes, I am glad to introduce my team of experts in counseling, documentation and visa assistant to facilitate your dream of international education. &nbsp;<br />\r\n&nbsp;', 2, NULL, NULL, NULL, NULL, NULL, NULL, 'Message From CEO', NULL, '0', '2019-01-23 03:46:56', '2019-01-30 16:28:17'),
(68, 'Free SOP workshop “Making Your SOP Attentive”', 'free-sop-workshop-making-your-sop-attentive', 'Free SOP workshop “Making Your SOP Attentive”', 'Main', 'Normal', 1, '15th, March 2019', '<br />\r\nSince statement of purpose (SOP) is the key document – carrying 30% - 40% admission decision weight – for admission decision by the Department or school the students are applying, SOP must be attentive and cogent to the admission application. We found majority of students are puzzling on how to write convincing SOP to the admission committee. So, we are organizing SOP workshop “Making Your SOP Attentive” on following date and venue.<br />\r\n<br />\r\nEvent Date: 15th March 2019<br />\r\nVenue: EasyLink Career Consultant<br />\r\nDowntown Market Dillibazar Road-29, Putalisadak Kathmandu.<br />\r\nPhone: 01-4010626 / 01-5900678<br />\r\nWeb: www.easylink.edu.np/email:info@easylink.edu.np<br />\r\nEasyLink Career Consultant is organizing SOP Workshop<br />\r\n<br />\r\nPlease contact us to attend for the workshop', 5, '1548833210_SOP.jpg', NULL, '1549261350_event-details-img.jpg', NULL, NULL, NULL, 'Free SOP workshop “Making Your SOP Attentive”', NULL, '1', '2019-01-24 15:17:15', '2019-02-13 13:45:50'),
(69, 'Free Resume & CV workshop “Shaping Your CV or Resume”', 'free-resume-cv-workshop-shaping-your-cv-or-resume', 'Free Resume & CV workshop “Shaping Your CV or Resume”', 'Main', 'Normal', 2, '1st April 2019', '<br />\r\nAdmission officers are not that much free as we think because of overwhelming number of applications. So, one of the application documents for your admission decision should be attentive to the admission officers. They do not prefer lengthy CV or Resume as your application document. So, we are organizing Free CV &amp; Resume Workshop “Shaping CV or Resume” on the following date and venue.<br />\r\n<br />\r\nEvent Date: 1st April 2019<br />\r\nVenue: EasyLink Career Consultant<br />\r\nDowntown Market Dillibazar Road-29, Putalisadak Kathmandu.<br />\r\nPhone: 01-4010626 / 01-5900678<br />\r\nWeb: www.easylink.edu.np/email:info@easylink.edu.np<br />\r\nEasyLink Career Consultant is organizing Resume &amp; CV Workshop<br />\r\n<br />\r\nPlease contact us to attend for the workshop<br />\r\n<br />\r\nNote: Participant students need to register at least 2 days in advance because you need sample<br />\r\npreparation time so that you can work on the document.', 5, '1548833234_Curriculum_resume.png', NULL, NULL, NULL, NULL, NULL, 'Free Resume & CV workshop “Shaping Your CV or Resume”', NULL, '1', '2019-01-24 15:18:42', '2019-02-28 11:37:15'),
(70, 'Sample Document', 'sample-document', 'Sample Document', 'Next', 'Group', 1, NULL, NULL, 0, NULL, NULL, NULL, NULL, NULL, NULL, 'Sample Document', NULL, '1', '2019-01-25 08:34:10', '2019-01-25 08:34:10'),
(71, 'SOP', 'sop', 'SOP', 'Next', 'Attachment', 1, NULL, NULL, 70, NULL, NULL, NULL, NULL, '1549946743_SOP Guidelines.pdf', NULL, 'SOP', NULL, '1', '2019-01-25 08:34:29', '2019-02-12 10:45:43'),
(72, 'LOR', 'lor', 'LOR', 'Next', 'Attachment', 2, NULL, NULL, 70, NULL, NULL, NULL, NULL, '1549946691_LoR Sample.pdf', NULL, 'LOR', NULL, '1', '2019-01-25 08:34:44', '2019-02-12 10:44:51'),
(73, 'Introduction', 'introduction', 'Introduction', 'Main', 'Normal', 1, NULL, '<br />\r\nOnce you have been come into thoughts that you want to broaden your career with international education or degree and passionate to explore world, always, this is right time to move ahead for abroad study. We are here to assist your abroad study journey and flourish you career with world recognized education.<br />\r\n<br />\r\nEasyLink Career is hub to connect best Universities and Colleges around the globe. Making you motivated for globalized education and sharpening you as global workforce is our one and only one goal. To make you competent for global work places, we help you to find your career path through landing you world’s best universities. We are highly commited to shape you as front-line warrior in global market with our expertise in career counseling, educational advising in your choice of professions. We highly encourage you one step forward for world recognized education to explore your potential and world.<br />\r\n<br />\r\nNot only do we assist you to set your career goal and finding career path but also make you well prepared for your move to the next educational level. For perspective undergraduate students, we provide seminars and workshops for leadership skill development. On the flip side, for perspective graduate students, we provide research knowledge and different workshops to equip you with tools and techniques for graduate research works.<br />\r\n<br />\r\n<span style=\"font-size:18px;\"><strong>Mission</strong></span><br />\r\nWe expect all the students after abroad study will be expertise in their respective study of field and will be highly skilled manpower to lead the country even the world. So, we work in the run as:&nbsp;\r\n<ul style=\"margin-left: 40px;\">\r\n	<li>To immunize the student to flourish potential in their career path.</li>\r\n	<li>To encourage student explore the world along with their study dream.</li>\r\n	<li>To take pride in promote and support to explore all the excellencies of the student</li>\r\n</ul>\r\n<br />\r\n<span style=\"font-size:18px;\"><strong>Vision</strong></span><br />\r\nEasyLink Career Consultants would like to work in the revolution and evolution of socio-economy of Nepal and would like to contribute through working in academia which is powerful tool for the revolutionary changes. Our vision is to identify potential of individual and encourage and nurture leadership, confidence, responsibility, and traits young learners via innovative technology and methodology.<br />\r\n<br />\r\n&nbsp;', 2, NULL, NULL, '1549261611_s-bg.jpg', NULL, NULL, NULL, 'Introduction', NULL, '1', '2019-01-27 16:13:07', '2019-02-04 12:26:51'),
(74, 'Resume', 'resume', 'Resume', 'Next', 'Attachment', 3, NULL, NULL, 70, NULL, NULL, NULL, NULL, '1549946567_Resume Sample.pdf', NULL, 'Resume', NULL, '1', '2019-01-28 12:32:04', '2019-02-12 10:42:47');
INSERT INTO `navigations` (`id`, `nav_name`, `alias`, `caption`, `nav_category`, `page_type`, `position`, `short_content`, `long_content`, `parent_page_id`, `icon_image`, `icon_image_caption`, `banner_image`, `link`, `attachment`, `page_title`, `page_keyword`, `page_description`, `page_status`, `created_at`, `updated_at`) VALUES
(75, 'Curriculum Vitae', 'curriculum-vitae', 'CV', 'Next', 'Attachment', 4, NULL, NULL, 70, NULL, NULL, NULL, NULL, '1549946714_CV Sample.pdf', NULL, 'Curriculum Vitae', NULL, '1', '2019-01-28 12:32:29', '2019-02-12 10:45:14'),
(78, 'Contact Section', 'contact-section', 'Contact Section', 'Next', 'Group', 5, NULL, NULL, 0, NULL, NULL, NULL, NULL, NULL, NULL, 'Contact Section', NULL, '1', '2019-01-28 21:31:27', '2019-01-28 21:31:27'),
(79, 'Company Address', 'company-address', 'Dillibazaar Road-29', 'Next', 'Normal', 1, '<h5>Downtown Market, Putalisadak, Kathmandu</h5>', NULL, 78, NULL, 'lnr-home', NULL, NULL, NULL, NULL, 'Company Address', NULL, '1', '2019-01-28 21:41:36', '2019-01-28 21:52:46'),
(80, 'Company Phone', 'company-phone', 'Sun to Fri 9am to 6 pm', 'Next', 'Normal', 2, '<br />\r\n01-4010626, 01-5900678', NULL, 78, NULL, 'lnr-phone-handset', NULL, NULL, NULL, NULL, 'Company Phone', NULL, '1', '2019-01-28 21:43:09', '2019-01-29 11:33:00'),
(81, 'Company Email', 'company-email', 'Send us your query anytime!', 'Next', 'Normal', 3, '<h5>info@easylink.edu.np</h5>', NULL, 78, NULL, 'lnr-envelope', NULL, NULL, NULL, NULL, 'Company Email', NULL, '1', '2019-01-28 21:43:46', '2019-01-28 21:53:37'),
(82, 'Company Website', 'company-website', 'Visit our website', 'Next', 'Normal', 4, '<h5>www.easylink.edu.np</h5>', NULL, 78, NULL, 'lnr-earth', NULL, NULL, NULL, NULL, 'Company Website', NULL, '1', '2019-01-28 21:44:28', '2019-01-28 21:57:52'),
(83, 'Quality Policy', 'quality-policy', 'Quality Policy', 'Main', 'Normal', 3, NULL, '<br />\r\nWe are dedicated to provide highest quality service to our students ensuring highest standard of professional performance through feedback systems and other quality assurance tools. We assure that information delivered to our students regarding abroad study is extracted from authentic source of information.<br />\r\n<br />\r\nWe strictly follow the rules and regulations, and guidelines for the quality education by Ministry of Education (MOE) Nepal. Additionally, as an authorized international student recruiter for the universities or colleges with whom we are working, we are committed to follow the Memorandum of Understanding (MoU). We take rules and regulations, and guidelines not as restriction to execute our services but to enhance and maintain the quality.', 2, NULL, NULL, '1549277872_quality-policy-banner-2.jpg', NULL, NULL, NULL, 'Quality Policy', NULL, '1', '2019-01-30 16:06:39', '2019-02-04 16:57:52'),
(84, 'Instagram', 'instagram', 'Instagram', 'SNS', 'Link', 4, NULL, NULL, 0, NULL, NULL, NULL, 'https://www.instagram.com/easylinkcareer/', NULL, NULL, 'Instagram', NULL, '1', '2019-02-03 15:03:34', '2019-02-03 15:03:34'),
(85, 'Rashmila Hayu', 'rashmila-hayu', 'Australia - Sydney', 'Others', 'Normal', 3, '\"Right educational counseling is most important because there is no editing or correcting tool for mistakes in life. So, landing students to the right educational destination do matter for our career and you could find the right educational counseling and professionals in abroad study.\"', NULL, 50, '1549966602_Rasmila Hayu.jpg', NULL, NULL, NULL, NULL, NULL, 'Rashmila Hayu', NULL, '1', '2019-02-12 16:16:42', '2019-02-12 16:45:25'),
(86, 'Uma Dhungel', 'uma-dhungel', 'Australia - Sydney', 'Others', 'Normal', 4, '\"The puzzle of further career path is most crucial after grade 12 for most of students like me. We might turn our career path according to our friends or circles we have which might sometime leads us to regret. So, good educational counseling and guidance matters which you could find at EasyLink Career Consultant with team of experts.\"<br />\r\n&nbsp;', NULL, 50, '1549967859_UmaDungel.jpg', NULL, NULL, NULL, NULL, NULL, 'Uma Dhungel', NULL, '1', '2019-02-12 16:37:39', '2019-02-12 16:45:51');

-- --------------------------------------------------------

--
-- Table structure for table `navigation_items`
--

CREATE TABLE `navigation_items` (
  `id` int(10) UNSIGNED NOT NULL,
  `sort` int(11) NOT NULL,
  `navigation_id` int(10) UNSIGNED DEFAULT NULL,
  `name` varchar(191) COLLATE utf8mb4_unicode_ci DEFAULT NULL,
  `file` varchar(191) COLLATE utf8mb4_unicode_ci NOT NULL,
  `content` varchar(191) COLLATE utf8mb4_unicode_ci DEFAULT NULL,
  `link` varchar(191) COLLATE utf8mb4_unicode_ci DEFAULT NULL,
  `created_at` timestamp NULL DEFAULT NULL,
  `updated_at` timestamp NULL DEFAULT NULL
) ENGINE=InnoDB DEFAULT CHARSET=utf8mb4 COLLATE=utf8mb4_unicode_ci;

--
-- Dumping data for table `navigation_items`
--

INSERT INTO `navigation_items` (`id`, `sort`, `navigation_id`, `name`, `file`, `content`, `link`, `created_at`, `updated_at`) VALUES
(1, 1, 43, NULL, '1548239561_1.jpg', NULL, NULL, '2019-01-21 23:37:17', '2019-01-23 04:47:41'),
(2, 2, 43, NULL, '1548134538_2.jpg', NULL, NULL, '2019-01-21 23:37:18', '2019-01-21 23:37:18'),
(3, 3, 43, NULL, '1548134538_3.jpg', NULL, NULL, '2019-01-21 23:37:18', '2019-01-21 23:37:18'),
(4, 4, 43, NULL, '1548921254_4.jpg', NULL, NULL, '2019-01-21 23:37:18', '2019-01-31 13:54:14'),
(5, 5, 43, NULL, '1548580796_5 (1).jpg', NULL, NULL, '2019-01-21 23:37:19', '2019-01-27 15:19:56'),
(6, 6, 43, NULL, '1548581395_6 (1).jpg', NULL, NULL, '2019-01-21 23:37:19', '2019-01-27 15:29:55');

-- --------------------------------------------------------

--
-- Table structure for table `page_types`
--

CREATE TABLE `page_types` (
  `sort` int(10) UNSIGNED NOT NULL,
  `page_type_title` varchar(191) COLLATE utf8mb4_unicode_ci NOT NULL,
  `created_at` timestamp NULL DEFAULT NULL,
  `updated_at` timestamp NULL DEFAULT NULL
) ENGINE=InnoDB DEFAULT CHARSET=utf8mb4 COLLATE=utf8mb4_unicode_ci;

--
-- Dumping data for table `page_types`
--

INSERT INTO `page_types` (`sort`, `page_type_title`, `created_at`, `updated_at`) VALUES
(1, 'Normal', NULL, NULL),
(2, 'Group', NULL, NULL),
(3, 'Photo Gallery', NULL, NULL),
(4, 'Video Gallery', NULL, NULL),
(5, 'Link', NULL, NULL),
(7, 'Attachment', NULL, NULL),
(8, 'Slider', NULL, NULL);

-- --------------------------------------------------------

--
-- Table structure for table `password_resets`
--

CREATE TABLE `password_resets` (
  `email` varchar(191) COLLATE utf8mb4_unicode_ci NOT NULL,
  `token` varchar(191) COLLATE utf8mb4_unicode_ci NOT NULL,
  `created_at` timestamp NULL DEFAULT NULL
) ENGINE=InnoDB DEFAULT CHARSET=utf8mb4 COLLATE=utf8mb4_unicode_ci;

-- --------------------------------------------------------

--
-- Table structure for table `subscribers`
--

CREATE TABLE `subscribers` (
  `id` int(10) UNSIGNED NOT NULL,
  `email` varchar(191) COLLATE utf8mb4_unicode_ci NOT NULL,
  `status` enum('1','0') COLLATE utf8mb4_unicode_ci NOT NULL,
  `created_at` timestamp NULL DEFAULT NULL,
  `updated_at` timestamp NULL DEFAULT NULL
) ENGINE=InnoDB DEFAULT CHARSET=utf8mb4 COLLATE=utf8mb4_unicode_ci;

--
-- Dumping data for table `subscribers`
--

INSERT INTO `subscribers` (`id`, `email`, `status`, `created_at`, `updated_at`) VALUES
(1, 'tokhanaresh@gmail.com', '1', '2018-12-24 03:17:43', '2018-12-24 03:17:43'),
(2, 'tokhanaresh@gmail.com', '1', '2019-01-23 02:10:15', '2019-01-23 02:10:15'),
(3, 'shankar@gmail.com', '1', '2019-01-23 02:17:40', '2019-01-23 02:17:40'),
(4, 'sandeshdhungel143@gmail.com', '1', '2019-01-23 02:20:41', '2019-01-23 02:20:41'),
(5, 'abc@gmail.com', '1', '2019-01-23 02:51:52', '2019-01-23 02:51:52'),
(6, 'welcome@gmail.com', '1', '2019-01-23 02:52:28', '2019-01-23 02:52:28'),
(7, 'abcd@gmail.com', '1', '2019-01-23 02:53:09', '2019-01-23 02:53:09'),
(8, 'andfsdf@gmail.com', '1', '2019-01-23 02:53:58', '2019-01-23 02:53:58'),
(9, 'dhawa1984sdong@gmail.com', '1', '2019-02-01 11:33:08', '2019-02-01 11:33:08'),
(10, 'sandeshdhungel143@gmail.com', '1', '2019-02-03 15:02:33', '2019-02-03 15:02:33');

-- --------------------------------------------------------

--
-- Table structure for table `users`
--

CREATE TABLE `users` (
  `id` int(10) UNSIGNED NOT NULL,
  `name` varchar(191) COLLATE utf8mb4_unicode_ci NOT NULL,
  `email` varchar(191) COLLATE utf8mb4_unicode_ci NOT NULL,
  `password` varchar(191) COLLATE utf8mb4_unicode_ci NOT NULL,
  `remember_token` varchar(100) COLLATE utf8mb4_unicode_ci DEFAULT NULL,
  `created_at` timestamp NULL DEFAULT NULL,
  `updated_at` timestamp NULL DEFAULT NULL
) ENGINE=InnoDB DEFAULT CHARSET=utf8mb4 COLLATE=utf8mb4_unicode_ci;

--
-- Indexes for dumped tables
--

--
-- Indexes for table `admins`
--
ALTER TABLE `admins`
  ADD PRIMARY KEY (`id`),
  ADD UNIQUE KEY `admins_email_unique` (`email`);

--
-- Indexes for table `destinations`
--
ALTER TABLE `destinations`
  ADD PRIMARY KEY (`id`);

--
-- Indexes for table `enquiries`
--
ALTER TABLE `enquiries`
  ADD PRIMARY KEY (`id`);

--
-- Indexes for table `global_settings`
--
ALTER TABLE `global_settings`
  ADD PRIMARY KEY (`id`);

--
-- Indexes for table `intake`
--
ALTER TABLE `intake`
  ADD PRIMARY KEY (`id`);

--
-- Indexes for table `migrations`
--
ALTER TABLE `migrations`
  ADD PRIMARY KEY (`id`);

--
-- Indexes for table `navigations`
--
ALTER TABLE `navigations`
  ADD PRIMARY KEY (`id`);

--
-- Indexes for table `navigation_items`
--
ALTER TABLE `navigation_items`
  ADD PRIMARY KEY (`id`);

--
-- Indexes for table `page_types`
--
ALTER TABLE `page_types`
  ADD PRIMARY KEY (`sort`);

--
-- Indexes for table `password_resets`
--
ALTER TABLE `password_resets`
  ADD KEY `password_resets_email_index` (`email`);

--
-- Indexes for table `subscribers`
--
ALTER TABLE `subscribers`
  ADD PRIMARY KEY (`id`);

--
-- Indexes for table `users`
--
ALTER TABLE `users`
  ADD PRIMARY KEY (`id`),
  ADD UNIQUE KEY `users_email_unique` (`email`);

--
-- AUTO_INCREMENT for dumped tables
--

--
-- AUTO_INCREMENT for table `admins`
--
ALTER TABLE `admins`
  MODIFY `id` int(10) UNSIGNED NOT NULL AUTO_INCREMENT, AUTO_INCREMENT=2;

--
-- AUTO_INCREMENT for table `destinations`
--
ALTER TABLE `destinations`
  MODIFY `id` int(11) NOT NULL AUTO_INCREMENT, AUTO_INCREMENT=5;

--
-- AUTO_INCREMENT for table `enquiries`
--
ALTER TABLE `enquiries`
  MODIFY `id` int(10) UNSIGNED NOT NULL AUTO_INCREMENT, AUTO_INCREMENT=18;

--
-- AUTO_INCREMENT for table `global_settings`
--
ALTER TABLE `global_settings`
  MODIFY `id` int(10) UNSIGNED NOT NULL AUTO_INCREMENT, AUTO_INCREMENT=2;

--
-- AUTO_INCREMENT for table `intake`
--
ALTER TABLE `intake`
  MODIFY `id` int(11) NOT NULL AUTO_INCREMENT, AUTO_INCREMENT=19;

--
-- AUTO_INCREMENT for table `migrations`
--
ALTER TABLE `migrations`
  MODIFY `id` int(10) UNSIGNED NOT NULL AUTO_INCREMENT, AUTO_INCREMENT=7;

--
-- AUTO_INCREMENT for table `navigations`
--
ALTER TABLE `navigations`
  MODIFY `id` int(10) UNSIGNED NOT NULL AUTO_INCREMENT, AUTO_INCREMENT=87;

--
-- AUTO_INCREMENT for table `navigation_items`
--
ALTER TABLE `navigation_items`
  MODIFY `id` int(10) UNSIGNED NOT NULL AUTO_INCREMENT, AUTO_INCREMENT=7;

--
-- AUTO_INCREMENT for table `page_types`
--
ALTER TABLE `page_types`
  MODIFY `sort` int(10) UNSIGNED NOT NULL AUTO_INCREMENT, AUTO_INCREMENT=9;

--
-- AUTO_INCREMENT for table `subscribers`
--
ALTER TABLE `subscribers`
  MODIFY `id` int(10) UNSIGNED NOT NULL AUTO_INCREMENT, AUTO_INCREMENT=11;

--
-- AUTO_INCREMENT for table `users`
--
ALTER TABLE `users`
  MODIFY `id` int(10) UNSIGNED NOT NULL AUTO_INCREMENT;
COMMIT;

/*!40101 SET CHARACTER_SET_CLIENT=@OLD_CHARACTER_SET_CLIENT */;
/*!40101 SET CHARACTER_SET_RESULTS=@OLD_CHARACTER_SET_RESULTS */;
/*!40101 SET COLLATION_CONNECTION=@OLD_COLLATION_CONNECTION */;
